Aplicação do recurso,Especificação do material ou serviço
Custeio: material,Material de expediente
Custeio: material,"Material de higiene, limpeza e primeiros socorros"
Custeio: material,Material de informática
Custeio: material,Material eletro/eletrônico
Custeio: material,Material para conservação de equipamento e mobiliário
Custeio: material,Material para conservação predial - Alvenaria
Custeio: material,Material para conservação predial - Carpintaria
Custeio: material,Material para conservação predial - Elétrica
Custeio: material,Material para conservação predial - Estruturais
Custeio: material,Material para conservação predial - Hidráulica
Custeio: material,Material para conservação predial - Jardinagem/horta
Custeio: material,Material para conservação predial - Marcenaria
Custeio: material,Material para conservação predial - Pintura
Custeio: material,Material pedagógico
Custeio: tributos e tarifas,Imposto de Renda Retido na Fonte - IRRF
Custeio: tributos e tarifas,Imposto Sobre Serviço de Qualquer Natureza - ISS
Custeio: tributos e tarifas,Instituto Nacional de Seguridade Social - INSS
Custeio: tributos e tarifas,PIS/COFINS/CSLL na Fonte
Custeio: tributos e tarifas,Tarifa bancária: adicional de cheque
Custeio: tributos e tarifas,Tarifa bancária: devolução de cheque
Custeio: tributos e tarifas,Tarifa bancária: extrato excedente
Custeio: tributos e tarifas,Tarifa bancária: fornecimento de cheque
Custeio: tributos e tarifas,Tarifa bancária: manutenção da conta ativa
Custeio: tributos e tarifas,Tarifa bancária: microfilme do cheque
Custeio: tributos e tarifas,Tarifa bancária: pacote de serviços
Custeio: tributos e tarifas,Tarifa bancária: processamento de cheque
Custeio: tributos e tarifas,Tarifa bancária: renovação de cadastro
Custeio: tributos e tarifas,Taxa de Fiscalização de Estabelecimentos (TFE)
Custeio: serviço,Afinação de instrumentos musicais
Custeio: serviço,"Alfaiataria, costura e congêneres"
Custeio: serviço,"Apresentação de palestras, conferências, seminários e congêneres"
Custeio: serviço,"Apresentação teatral, circence, musical, cultural"
Custeio: serviço,Arbitragem
Custeio: serviço,"Artes gráficas, tipografia, diagramação, paginação e gravação"
Custeio: serviço,"Assessoria, consultoria, formação"
Custeio: serviço,Calafetação
Custeio: serviço,Carga e recarga de extintores de incêndio
Custeio: serviço,Certificado Digital
Custeio: serviço,"Cessão de andaimes, palcos, coberturas e outras estruturas de uso temporário"
Custeio: serviço,Coleta e remoção de entulho
Custeio: serviço,Colocação de molduras e congêneres
Custeio: serviço,"Colocação e instalação de carpetes, assoalhos, cortinas, revestimento de parede"
Custeio: serviço,"Colocação e instalação de toldos, telas de proteção"
Custeio: serviço,"Colocação e instalação de vidros, divisórias, placas de gesso e congêneres"
Custeio: serviço,"Colocação, troca e remoção de areia do parque"
Custeio: serviço,Confecção de carimbos
Custeio: serviço,"Confecção de placas, sinalização visual, banners, adesivos e congêneres"
Custeio: serviço,"Conserto, restauração, manutenção e conservação de máquinas, aparelhos, equipamentos, motores, elevadores"
Custeio: serviço,Contabilidade
Custeio: serviço,Corte de mato
Custeio: serviço,"Dedetização, desinfecção, desinsetização, higienização, desratização e congêneres"
Custeio: serviço,Desentupimento de fossas e ramal de esgoto
Custeio: serviço,"Encadernação, gravação de livros e revistas"
Custeio: serviço,"Instalação e montagem de aparelhos, máquinas e equipamentos"
Custeio: serviço,"Instalação, reparos em alambrados"
Custeio: serviço,"Instrução, treinamento, orientação pedagógica e educacional"
Custeio: serviço,Jardinagem
Custeio: serviço,Limpeza de caixa de água
Custeio: serviço,Limpeza de caixa de gordura
Custeio: serviço,Limpeza de canaletas e calhas
Custeio: serviço,Locação de brinquedos infláveis
Custeio: serviço,Locação de caçamba
Custeio: serviço,Locação de ônibus
Custeio: serviço,"Lubrificação, limpeza, revisão de máquinas, aparelhos, motores, elevadores e afins"
Custeio: serviço,Organização de passeios e excursões
Custeio: serviço,"Pintura artística, pedagógica"
Custeio: serviço,Poda de grama e/ou de árvore
Custeio: serviço,Recreação e animação
Custeio: serviço,"Recuperação, raspagem, polimento, impermeabilização e lustração de pisos e congêneres"
Custeio: serviço,Reparos de alvenaria
Custeio: serviço,Reparos de elétrica
Custeio: serviço,Reparos de hidráulica
Custeio: serviço,Reparos de pintura
Custeio: serviço,Reparos em hidrantes e pára-raios
Custeio: serviço,Reparos em lousa fixa
Custeio: serviço,"Reprografia, microfilmagem e digitalização"
Custeio: serviço,Ressarcimento de despesa de oficineiro
Custeio: serviço,"Revelação, ampliação, cópia e reprodução de fotos"
Custeio: serviço,"Serviços de artistas, atletas, modelos e manequins"
Custeio: serviço,Serviços de carpintaria
Custeio: serviço,Serviços de chaveiro
Custeio: serviço,"Serviços de cobertura - telhas, cumeeiras, instalação, reparos e remoção de calhas"
Custeio: serviço,Serviços de correio
Custeio: serviço,Serviços de marcenaria
Custeio: serviço,"Serviços de registros públicos, cartoriais e notariais"
Custeio: serviço,Serviços de serralheria
Custeio: serviço,Tapeçaria e reforma de estofados em geral
Custeio: serviço,Tinturaria e lavanderia
Capital,Acess point
Capital,Afastador anal
Capital,Afoxê
Capital,Agitador
Capital,Agogo
Capital,Amassadeira espiral
Capital,Amnioscópio
Capital,Amperímetro
Capital,Amplificador
Capital,Amplificador para fones de ouvido
Capital,Analisador bioquimico
Capital,Analisador de distribuidor de motor a explosao
Capital,Analisador de espectro
Capital,Analisador de motores
Capital,Analisador de ph
Capital,Analisador de voltagem
Capital,Analisador e extrator de material genético
Capital,Analizador de hematologia
Capital,Analizador de pressao
Capital,Analizador de radiadores
Capital,Analizador dsp
Capital,Analizador para monitorização de óxido nítrico e dióxido de nitrogênio
Capital,Analog delay
Capital,Anatomic anne
Capital,Andaime
Capital,Anigoscopio
Capital,Anilha olimpica emborrachada
Capital,Anodizador
Capital,Antena parabolica
Capital,Antena wifi externa
Capital,Anuscopio de pitanga
Capital,Aparador
Capital,Aparelho amalgamador
Capital,Aparelho autonomo de respiracao de ar comprimido
Capital,Aparelho brunidor std
Capital,Aparelho cardiaco marca passo externo
Capital,Aparelho carrocel twister
Capital,Aparelho celular
Capital,Aparelho de acuidade visual
Capital,Aparelho de aerosselterapia
Capital,Aparelho de anestesia
Capital,Aparelho de ar condicionado portátil
Capital,Aparelho de bioimpedancia
Capital,Aparelho de cardiotocografo
Capital,Aparelho de depilacao
Capital,Aparelho de diatermia
Capital,Aparelho de dvd
Capital,Aparelho de eletro estimulacao
Capital,Aparelho de eletroresistividade
Capital,Aparelho de eletroterapia
Capital,Aparelho de fax
Capital,Aparelho de fax
Capital,Aparelho de fonte de luz
Capital,Aparelho de fotopolimerizador
Capital,Aparelho de fototerapia
Capital,Aparelho de infra vermelho
Capital,Aparelho de ionizacao
Capital,Aparelho de jateamento por succao
Capital,Aparelho de laser microprocessado
Capital,Aparelho de laserterapia
Capital,Aparelho de mamografia
Capital,Aparelho de mergulho
Capital,Aparelho de microcorrentes
Capital,Aparelho de mp3
Capital,Aparelho de ondas curtas
Capital,Aparelho de osmose reversa
Capital,Aparelho de perfilagem eletrica
Capital,Aparelho de profilaxia
Capital,Aparelho de raio laser
Capital,Aparelho de raio x
Capital,Aparelho de retifica de valvulas
Capital,Aparelho de som
Capital,Aparelho de telex
Capital,Aparelho de treinamento de fala
Capital,Aparelho de ultra som
Capital,Aparelho de videoke
Capital,Aparelho diatermia
Capital,Aparelho durômetro
Capital,Aparelho facial
Capital,Aparelho fonte de alimentacao regulada
Capital,Aparelho fotopolimerizador
Capital,Aparelho fumigador
Capital,Aparelho gerador de ozonio
Capital,Aparelho headset
Capital,Aparelho hidropneumatico
Capital,Aparelho homogenizador
Capital,Aparelho infra-vermelho
Capital,Aparelho mini-doppler
Capital,Aparelho nebulizador
Capital,Aparelho para aspiracao
Capital,Aparelho para bioquimica
Capital,Aparelho para descontaminacao
Capital,Aparelho para leitura
Capital,Aparelho para lixar pe
Capital,Aparelho para medir pressao arterial
Capital,Aparelho para telemarketing
Capital,Aparelho para teste de telefone
Capital,Aparelho para teste ergometrico
Capital,Aparelho para urodinâmica
Capital,Aparelho pbx
Capital,Aparelho phlebo press
Capital,Aparelho rebobinador
Capital,Aparelho reprodutor feminino tridimensional
Capital,Aparelho reprodutor masculino tridimensional
Capital,Aparelho ressucitador pulmotor
Capital,Aparelho sequencial
Capital,Aparelho spinlight
Capital,Aparelho telefonico
Capital,Aparelho telefonico ks
Capital,Aparelho telefonico pabx
Capital,Aparelho telefonico sem fio
Capital,Aparelho tens
Capital,Aparelho terminal ks inteligente
Capital,Aparelho tira mofo
Capital,Aparelho tirfor
Capital,Aparelho vibrador de gesso
Capital,Aplicador de cera
Capital,Aplicador de cola
Capital,Aplicador de ligadura
Capital,Appliance
Capital,Aquecedor de agua
Capital,Aquecedor de agua a gas
Capital,Aquecedor de ambiente
Capital,Aquecedor de fluido
Capital,Aquecedor de mamadeira
Capital,Aquecedor de marmitas
Capital,Aquecedor elétrico para confecção de órteses
Capital,Aquecedor infra vermelho
Capital,Arado
Capital,Arara
Capital,Arco cirúrgico
Capital,Armario
Capital,Armario auxiliar
Capital,Armario de aco
Capital,Armario de madeira
Capital,Armario de parede
Capital,Arqueadeira
Capital,Arqueadora de molas
Capital,Arquibancada
Capital,Arquivo de aco
Capital,Arquivo de madeira
Capital,Arquivo deslizante
Capital,Aspirador  e soprador de folhas
Capital,Aspirador cirurgico
Capital,Aspirador de agua
Capital,Aspirador de po
Capital,Aspirador de po e agua
Capital,Aspirador e jateador de ar
Capital,Aspirador hospitalar
Capital,Atabaque
Capital,Atendedor digital
Capital,Atomizador
Capital,Atomizador costal
Capital,Audiometro
Capital,Auscutador fetal
Capital,Autenticadora
Capital,Auto bomba
Capital,Auto radio
Capital,Auto salvamento
Capital,Autoclave
Capital,Automóvel
Capital,Badisco
Capital,Bafometro
Capital,Baia para atendimento
Capital,Baixo
Capital,Baixo tuba
Capital,Balança
Capital,Balanca antropometrica
Capital,Balança digital
Capital,Balanca eletronica
Capital,Balanca mecanica
Capital,Balanca pesa bebe
Capital,Balanceador de rodas
Capital,Balancin
Capital,Balanco
Capital,Balanco proprioceptivo
Capital,Balcao de aco
Capital,Balcao de atendimento
Capital,Balcao de madeira
Capital,Balcao de plastico
Capital,Balcao frigorifico
Capital,Balcao para recepcao
Capital,Balcao termico
Capital,Balsa inflavel
Capital,Bancada de camarim
Capital,Bancada de ferro
Capital,Bancada de madeira
Capital,Bancada de trabalho
Capital,Banco adutor
Capital,Banco de aço carbono
Capital,Banco de ferro
Capital,Banco de madeira
Capital,Banco fixo
Capital,Banco giratorio
Capital,Banco giratorio de madeira
Capital,Banco infantil
Capital,Banco multi posicoes
Capital,Banco para bateria
Capital,Banco para jardim
Capital,Banco para piano
Capital,Banco para refeitorio
Capital,Banco para supino
Capital,Banco para teclado
Capital,Banco sueco
Capital,Bandinha
Capital,Bandolim
Capital,Banheiro quimico
Capital,Banho de parafina
Capital,Banho maria
Capital,Banho maria digital
Capital,Banqueta alta
Capital,Banqueta de ferro
Capital,Banqueta de madeira
Capital,Banqueta fixa
Capital,Banqueta giratoria
Capital,Banqueta para desenhista
Capital,Banqueta para panela
Capital,Banqueta plastica
Capital,Barco
Capital,Barometro
Capital,Barra para ginastica
Capital,Barra paralela
Capital,Barraca
Capital,Barreira de softwall
Capital,Barreira para salto
Capital,Barreira registradora de excesso de velocidade
Capital,Bastidor para estacao fixa
Capital,Bastidor para estacao repetidora
Capital,Batedeira
Capital,Bateria musical
Capital,Bau de acessórios
Capital,Bau de aluminio
Capital,Bau de madeira
Capital,Bebe conforto
Capital,Bebedouro
Capital,Beliche
Capital,Bem não atende critério de controle no sbpm
Capital,Bens doação os
Capital,Berco
Capital,Berco aquecido
Capital,Berco de ferro
Capital,Berco de madeira
Capital,Berco hospitalar
Capital,Betoneira
Capital,Biblioteca de fitas para backup
Capital,Bicama
Capital,Bicicleta
Capital,Bicicleta eletromagnetica
Capital,Bicicleta ergometrica
Capital,Bigorna
Capital,Bilispot
Capital,Biombo
Capital,Biombo de madeira
Capital,Biombo para raio x odontologico
Capital,Bipap
Capital,Bipe
Capital,Bisturi eletrico
Capital,Bisturi eletronico
Capital,Bituqueira
Capital,Bloco de partida em aço
Capital,Bloco digestor
Capital,Bloqueador inflavel
Capital,Blu ray
Capital,Bomba aspiradora
Capital,Bomba auto escorvante
Capital,Bomba centrifuga
Capital,Bomba de alta sucsao
Capital,Bomba de emulsao
Capital,Bomba de graxa
Capital,Bomba de incendio
Capital,Bomba de infusao
Capital,Bomba de irrigação para endoscopia
Capital,Bomba de oleo
Capital,Bomba de succao
Capital,Bomba de vacuo
Capital,Bomba detectora de gases
Capital,Bomba dosadora
Capital,Bomba hidraulica
Capital,Bomba para abastecimento
Capital,Bomba para lavagem de veiculos
Capital,Bomba para transferencia de oleo diesel
Capital,Bomba pulverizadora
Capital,Bomba rotativa
Capital,Bomba submersível
Capital,Bombardao
Capital,Bombardino
Capital,Bombo
Capital,Bonde
Capital,Bongo
Capital,Bosu fisioterapia
Capital,Bote inflavel
Capital,Botijão criogênico
Capital,Botijão garrafa térmica
Capital,Box truss
Capital,Braco articulavel para monitor
Capital,Braco pantografico
Capital,Brinquedo para atividade psicomotora
Capital,Brinquedoteca móvel
Capital,Britador
Capital,Buffet
Capital,Bumbo
Capital,Bumbo fuzileiro
Capital,Bussola
Capital,Busto
Capital,Cabina de fluxo unidirecional
Capital,Cabine audiometrica
Capital,Cacamba
Capital,Cacamba basculante
Capital,Cadeira
Capital,Cadeira  adutora e abdutora
Capital,Cadeira automatica
Capital,Cadeira cirurgica
Capital,Cadeira de ferro
Capital,Cadeira de madeira
Capital,Cadeira de rodas
Capital,Cadeira dirigivel
Capital,Cadeira escolar
Capital,Cadeira escolar especial
Capital,Cadeira extensora graduada
Capital,Cadeira fixa
Capital,Cadeira fixa empilhavel
Capital,Cadeira flexora e extensora
Capital,Cadeira giratoria
Capital,Cadeira hidraulica
Capital,Cadeira infantil
Capital,Cadeira infantil adaptada
Capital,Cadeira odontologica
Capital,Cadeira oftalmologica
Capital,Cadeira otorrinolaringologia
Capital,Cadeira para balcao
Capital,Cadeira para banho
Capital,Cadeira para barbeiro
Capital,Cadeira para cabeleireiro
Capital,Cadeira para coleta de sangue
Capital,Cadeira para massagem
Capital,Cadeira para raio x
Capital,Cadeira para refeitorio
Capital,Cadeira para turbilhao
Capital,Cadeira secretaria
Capital,Cadeira universitaria
Capital,Cadeira veicular
Capital,Cadeirao para bebe
Capital,Cadeirao para guarda-vidas
Capital,Cadeirinha para crianca
Capital,Caderia de madeira
Capital,Cafeteira eletrica
Capital,Caixa acustica
Capital,Caixa acustica amplificada
Capital,Caixa acustica para impressora brailler
Capital,Caixa de aquecimento para frasco de contraste
Capital,Caixa de guerra
Capital,Caixa de som
Capital,Caixa malacacheta
Capital,Caixa para raio x
Capital,Caixa para revelacao radiologica
Capital,Caixa repique
Capital,Caixa tarol
Capital,Caixa térmica com termômetro
Capital,Cajon
Capital,Calandra
Capital,Calculadora eletrica
Capital,Calculadora eletronica
Capital,Calculadora financeira
Capital,Calculadora grafica
Capital,Calculadora mecanica
Capital,Caleidoscopio
Capital,Calibrador acustico
Capital,Calibrador de pneus
Capital,Cama de ferro
Capital,Cama de madeira
Capital,Cama dobravel
Capital,Cama elastica
Capital,Cama ginecologica
Capital,Cama hospitalar
Capital,Cama para massagem
Capital,Cama para vacina
Capital,Camara com lampada uv
Capital,Camara de conservacao
Capital,Camara de eco
Capital,Câmara de gás para  roedores
Capital,Camara de seguranca biologica
Capital,Camara fotografica
Capital,Camara frigorifica
Capital,Camara para revelacao
Capital,Cambao
Capital,Camera de seguranca
Capital,Camera de televisao
Capital,Camera de video
Capital,Câmera digital
Capital,Câmera fotográfica
Capital,Camera video conferencia
Capital,Caminhão
Capital,Caminhão basculante
Capital,Caminhão carroceria
Capital,Caminhão pipa
Capital,Campímetro
Capital,Cancela automatica
Capital,Cancela manual
Capital,Caneta de alta rotacao
Capital,Caneta emissora laser
Capital,Caneta para corte
Capital,Caneta para gravacao
Capital,Caneta para leitura optica
Capital,Caneta rapidograph
Capital,Canhao
Capital,Canhao de laser
Capital,Canhao para agua
Capital,Canhao seguidor
Capital,Canil
Capital,Canteadeira
Capital,Cantinho de leitura
Capital,Cantinho de madeira
Capital,Cantoneira
Capital,Cantoneira para correspondencia
Capital,Cão
Capital,Capacimetro
Capital,Capela de fluxo laminar
Capital,Capela para exaustao de gases
Capital,Capota
Capital,Capsula para agulha
Capital,Cardioscopio sinais vitais
Capital,Cardiotocografo
Capital,Cardioversor
Capital,Carga fantasma
Capital,Carregador de bateria
Capital,Carregador de flash
Capital,Carregador de gas
Capital,Carregador de pilhas
Capital,Carreta
Capital,Carreta de bondinho
Capital,Carreta para lancha
Capital,Carreta para moto aquatica
Capital,Carreta para transporte
Capital,Carreta para transporte de caixoes e coroa flores
Capital,Carreta reboque tipo prancha
Capital,Carreta rodoviaria
Capital,Carrinho auxiliar
Capital,Carrinho bate bate
Capital,Carrinho de emergencia
Capital,Carrinho de ferro
Capital,Carrinho de limpeza
Capital,Carrinho para bebe
Capital,Carrinho para cilindros
Capital,Carrinho para deficiente
Capital,Carrinho para documentos
Capital,Carrinho para endoscopia
Capital,Carrinho para fichario
Capital,Carrinho para leitura
Capital,Carrinho para medicamentos
Capital,Carrinho para pasta suspensa
Capital,Carrinho para supermercado
Capital,Carrinho para transporte
Capital,Carrinho para transporte de livros
Capital,Carrinho para transporte de materiais
Capital,Carrinho para urna funeraria
Capital,Carro auxiliar
Capital,Carro bandeja
Capital,Carro caixa
Capital,Carro cuba
Capital,Carro de alimento
Capital,Carro de emergencia
Capital,Carro de lixo
Capital,Carro de primeira leitura
Capital,Carro elevador
Capital,Carro escada
Capital,Carro funcional
Capital,Carro funebre
Capital,Carro infantil
Capital,Carro maca
Capital,Carro para cha
Capital,Carro para cilindros
Capital,Carro para curativo
Capital,Carro para deficiente
Capital,Carro para fita de arquear
Capital,Carro para lavadora de alta pressao
Capital,Carro para limpeza
Capital,Carro para marmitas
Capital,Carro para medicamentos
Capital,Carro para paletes
Capital,Carro para pasta suspensa
Capital,Carro para recem nascido
Capital,Carro para roupa
Capital,Carro para transporte
Capital,Carro para transporte de alimentos
Capital,Carro para transporte de roupa
Capital,Carro para transporte de urna mortuaria
Capital,Carro para transportes de livros
Capital,Carro plataforma
Capital,Carro termico
Capital,Carroceria
Capital,Carroceria bau
Capital,Carroceria de madeira
Capital,Carrossel
Capital,Carrossel para slides
Capital,Carteira
Capital,Carteira escolar
Capital,Carteira infantil
Capital,Carteira universitaria
Capital,Casa de boneca
Capital,Casador de impedancia
Capital,Cascata de chocolate
Capital,Casinha
Capital,Casinha infantil
Capital,Castical
Capital,Catraca
Capital,Catraca para tubos de ferro
Capital,Cavalete
Capital,Cavalete de apoio
Capital,Cavalete de madeira
Capital,Cavalete para blocao
Capital,Cavalete para cartazes
Capital,Cavalete para costura
Capital,Cavalete para desenho
Capital,Cavalete para flanelografo
Capital,Cavalete para flip chart
Capital,Cavalete para imantografos
Capital,Cavalete para pintura
Capital,Cavalete para prancheta
Capital,Cavalete para tear
Capital,Cavalete para urna funeraria
Capital,Cavalo com alcas
Capital,Cavalo de pau
Capital,Cavalo olimpico
Capital,Cavalo para salto
Capital,Cavalo thunder
Capital,Cavaquinho
Capital,Caxixi
Capital,Cd player
Capital,Cd player para dj
Capital,Cenario para fantoches
Capital,Central de alarme
Capital,Central de gases medicinais
Capital,Central de monitoramento
Capital,Central de monitorizacao fisiologica
Capital,Central de monitorizacao multiparametrico
Capital,Central p/interfones
Capital,Central para mesa de iluminacao
Capital,Central telefonica
Capital,Central telefonica ks
Capital,Central telefonica pabx
Capital,Centrifuga
Capital,Centrifuga sorologica
Capital,Centrifugador
Capital,Centrifugador de frutas
Capital,Centrifugador microhematocrito
Capital,Centrifugadora
Capital,Centrifugadora de roupas
Capital,Centrimicro para microhematocrito
Capital,Ceratometro
Capital,Chancela
Capital,Chapa aquecedora
Capital,Chapa bifeteira
Capital,Chapeira para cartao de ponto
Capital,Chaveiro de madeira
Capital,Chiqueirinho
Capital,Chuveiro lava olhos
Capital,Cilindro para mergulho
Capital,Cintel
Capital,Circulador de ar
Capital,Circulador de ar e aquecedor
Capital,Clarinete
Capital,Climatizador de ar
Capital,Clinometro
Capital,Clorimetro dpd
Capital,Coagulometro
Capital,Cofre
Capital,Coifa
Capital,Coladeira de filme
Capital,Colchão pneumático com motor
Capital,Coletor compactador
Capital,Coletor de dados
Capital,Coletor de dados para gps
Capital,Coletor de lixo
Capital,Coletor de oleo
Capital,Coletor de roupa hamper
Capital,Colméia organizadora
Capital,Colocador de ilhoes
Capital,Colocadora de espirais
Capital,Colposcopio
Capital,Colpovirgoscopio
Capital,Coluna de madeira
Capital,Coluna pantografica
Capital,Coluna para aparelho oftalmologico
Capital,Coluna para raio x
Capital,Coluna para refrator
Capital,Comando de bomba
Capital,Comando de graxa para abastecimento
Capital,Comoda
Capital,Compact disc
Capital,Comparador colorimetro
Capital,Complemento de mesa
Capital,Compressor de audio
Capital,Compressor de voz
Capital,Compressor limitador de audio
Capital,Compressor multicom
Capital,Compressor radial
Capital,Comutador para micro e impressora
Capital,Conj.completo p/abastecimento de oleo diesel
Capital,Conjunto autonomo
Capital,Conjunto de lixeiras
Capital,Conjunto de longarinas
Capital,Conjunto de mesa
Capital,Conjunto de nefrostomia percutânea
Capital,Conjunto de percussao
Capital,Conjunto de proteção individual
Capital,Conjunto de retinoscopio e oftalmoscopio
Capital,Conjunto de solda
Capital,Conjunto de solda a oxiacetileno
Capital,Conjunto lubrefil
Capital,Conjunto olimpico
Capital,Conjunto para salto em altura
Capital,Console de audio
Capital,Console para central de operacoes
Capital,Consolete de comando remoto
Capital,Contador de celulas
Capital,Container
Capital,Contra angulo
Capital,Contra baixo
Capital,Controlador
Capital,Controlador de acesso
Capital,Controlador de cameras
Capital,Controlador de ganho
Capital,Controlador de semaforo
Capital,Controlador de slide
Capital,Controle automatico de tempo
Capital,Conversor de energia
Capital,Conversor de midia
Capital,Conversor de solda
Capital,Conversor de video digital
Capital,Conversor otico
Capital,Conversor sincrono
Capital,Coordenatografo
Capital,Copiadora
Capital,Copiadora compacta
Capital,Corneta
Capital,Corneta de som
Capital,Corneta em fa
Capital,Corneta em sib
Capital,Cornetao
Capital,Cornetas difusora
Capital,Cornetin
Capital,Cortadeira de papel
Capital,Cortadeira eletrica
Capital,Cortadeira manual
Capital,Cortador de amostras
Capital,Cortador de chapa
Capital,Cortador de ferro
Capital,Cortador de fitas
Capital,Cortador de frios
Capital,Cortador de grama
Capital,Cortador de legumes
Capital,Cortador de piso
Capital,Cortadora de tecidos
Capital,Cortina de ar
Capital,Costotomo
Capital,Criado mudo
Capital,Criocautério dermatológico
Capital,Criocauterio ginecologico
Capital,Criostato
Capital,Cristaleira
Capital,Cronometro
Capital,Crossover
Capital,Crucifixo
Capital,Cuffômetro
Capital,Cuica
Capital,Cultivador motorizado
Capital,Curvador
Capital,Curvimetro
Capital,Cuspideira
Capital,Dardo
Capital,Datalogger
Capital,Decibelimetro
Capital,Deck de rolo
Capital,Decodificador
Capital,Decodificador de codigo de barra
Capital,Deionizador
Capital,Delay
Capital,Delimitador de filas
Capital,Delineador paralelômetro
Capital,Densitometro
Capital,Depurador de ar
Capital,Dermatoscópio
Capital,Desempenadeira
Capital,Desencarcerador
Capital,Desengrossadeira
Capital,Desentupidor de esgoto
Capital,Desenvolvimento de ombros
Capital,Desfibrilador
Capital,Desgravador e renovador de fita magnetica k7
Capital,Desintegrador
Capital,Desmontadora hidraulica de pneus
Capital,Destilador de agua
Capital,Desumidificador de ar
Capital,Desumidificador de papel
Capital,Detector de batimento cardiaco fetal
Capital,Detector de gas para oxigênio
Capital,Detector de metais
Capital,Detector de partículas
Capital,Detector de radiação
Capital,Detector de tubulacoes
Capital,Detector de vazamento
Capital,Detector de veiculos
Capital,Detector fetal
Capital,Dialer p/chamadas telefonicas automaticas
Capital,Digital delay
Capital,Digitalizador
Capital,Digitalizador de imagens radiográficas
Capital,Digitalizador de radiologia
Capital,Digitalizadora de microfilme
Capital,Dinamometro
Capital,Dinamometro dorsal
Capital,Direct box
Capital,Disc laser
Capital,Discman
Capital,Disjuntor tripolar on board
Capital,Disk array
Capital,Dispensette digital
Capital,Display expositor
Capital,Dispositivo hidraulico
Capital,Dispositivo para transferência de paciente
Capital,Dispositivo reutilizável de biópsia
Capital,Distanciometro
Capital,Distribuidor de audio
Capital,Distribuidor de composto orgânico
Capital,Distribuidor de sinal
Capital,Ditafone
Capital,Diva
Capital,Diva ginecologico
Capital,Divisor radiográfico
Capital,Divisora de massas
Capital,Dobradeira de papel
Capital,Doc station
Capital,Doppler vascular
Capital,Dosador de nivel constante
Capital,Driver de compressao
Capital,Drone
Capital,Ducha elétrica
Capital,Duplicador de cd
Capital,Duplicador de quad
Capital,Duplicador digital
Capital,Dvd player com karaoke
Capital,Dvd player e video cassete
Capital,Ecógrafo
Capital,Eletro neuromiografo
Capital,Eletrocardiografo
Capital,Eletrocauterio
Capital,Eletroencefalograma
Capital,Eletroestimulador
Capital,Eletroestimulador diadinamico
Capital,Eletrola
Capital,Eletrola portatil
Capital,Eletronistagmografo
Capital,Elevador de canecas
Capital,Elevador de piscina
Capital,Elevador de veiculos
Capital,Eliminador de microfonia
Capital,Eliptico
Capital,Embaladeira
Capital,Embalador de guarda-chuvas molhados
Capital,Emissor de senha
Capital,Empilhadeira
Capital,Encadernadora
Capital,Enceradeira
Capital,Enclosure
Capital,Endoscopio
Capital,Engraxadeira
Capital,Enroladeira de filmes
Capital,Episcopio
Capital,Equalizador
Capital,Equalizador de som
Capital,Equalizador grafico
Capital,Equipamento de manometria anorretal
Capital,Equipamento de teste de injetor e motor de passo
Capital,Equipamento dieselimpo
Capital,Equipamento para exame otoneurológico
Capital,Equipamento para jateamento
Capital,Equipamento para limpeza e teste de injetores
Capital,Equipo odontologico
Capital,Escada
Capital,Escada de aluminio
Capital,Escada de canto
Capital,Escada de madeira
Capital,Escada extensivel
Capital,Escada para diva
Capital,Escada para fisioterapia
Capital,Escaleta
Capital,Escaninho
Capital,Escaninho de madeira
Capital,Esclerometro
Capital,Escorredor de pratos industrial
Capital,Escorregador
Capital,Escrivaninha
Capital,Escrivaninha de aco
Capital,Escrivaninha de madeira
Capital,Esfectropometro
Capital,Esfigmomanometro
Capital,Esguicho canhao
Capital,Esmaltadeira
Capital,Esmeril
Capital,Esmeril de bancada
Capital,Esmerilhadeira
Capital,Esmerilhadeira angular
Capital,Espaldar de madeira
Capital,Espectrofotometro
Capital,Espelho
Capital,Espingarda
Capital,Espirometro
Capital,Espremedor
Capital,Espremedor de frutas
Capital,Espremedor de legumes
Capital,Espremedor de sucos
Capital,Esquadrejadeira
Capital,Esqueleto animal
Capital,Esqueleto humano
Capital,Esqui
Capital,Estabiliazdor de voltagem
Capital,Estabilizador
Capital,Estação de automação para laboratório
Capital,Estacao de musculacao
Capital,Estacao de solda
Capital,Estacao de trabalho
Capital,Estação de tratamento para resíduos radiológicos
Capital,Estacao fixa
Capital,Estacao repetidora
Capital,Estacao total
Capital,Estadiometro
Capital,Estante
Capital,Estante para partitura
Capital,Estante sinfonica
Capital,Estativa para raio x
Capital,Esteira eletrica
Capital,Esteira ergometrica
Capital,Estereomicroscopio
Capital,Estereoscopio
Capital,Esterilizador de ar
Capital,Esterilizador de mamadeira
Capital,Esterilizador de xicaras
Capital,Esticador e encolhedor universal
Capital,Esticador hidraulico
Capital,Estimulador calorico
Capital,Estimulador de musculo
Capital,Estimulador optocinetico
Capital,Estimulador pélvico
Capital,Estimulador visual
Capital,Estrado de madeira
Capital,Estufa bacteriologica
Capital,Estufa para alimentos
Capital,Estufa para placas filtrantes
Capital,Estufa para ressecagem
Capital,Estufa para secagem de filme
Capital,Estufa para secagem de plantas
Capital,Esvrivaninha
Capital,Etiquetador
Capital,Etiquetadora
Capital,Evaporador rotativo
Capital,Exaustor
Capital,Exaustor para camara escura
Capital,Exercitador de tornozelo
Capital,Expansor hidraulico
Capital,Expositor de folders
Capital,Expositor giratorio
Capital,Extensão elétrica tipo totem
Capital,Extensor lombar
Capital,Extintor de incendio
Capital,Extrator de suco
Capital,Fagoto em do
Capital,Feeder seat
Capital,Ferro de engomar
Capital,Ferro de passar roupa
Capital,Fesvif
Capital,Fichario de aco
Capital,Filmadora
Capital,Filtro de agua
Capital,Filtro para piscina
Capital,Filtro prensa
Capital,Filtro regulador de ar
Capital,Finca pinos
Capital,Flanelografo
Capital,Flauta
Capital,Flautin
Capital,Flexor abdominal sentado
Capital,Flip chart
Capital,Floreira modulavel
Capital,Flugel horn
Capital,Fluorímetro
Capital,Fluxometro
Capital,Foco cirurgico
Capital,Fogao domiciliar
Capital,Fogao industrial
Capital,Fogareiro
Capital,Fone de cabeca
Capital,Fonte conversor
Capital,Fonte de alimentacao
Capital,Fonte estabilizadora
Capital,Forceps
Capital,Forma de molde farmaceutica
Capital,Forno
Capital,Forno de bier
Capital,Forno de microondas
Capital,Forno eletrico
Capital,Forno eletrico para ceramica
Capital,Forrador de botao
Capital,Fotocopiadora
Capital,Fotoestimulador
Capital,Fotoforo
Capital,Fotometro
Capital,Fotopolimerizador odontologico
Capital,Fragmentadora de papeis
Capital,Franqueadora de correspondencia
Capital,Freezer
Capital,Frequencimetro
Capital,Fresadora
Capital,Friabilômetro
Capital,Fritadeira
Capital,Fruteira
Capital,Furadeira
Capital,Furadeira de pedestal
Capital,Furadeira de tecido
Capital,Furador de azulejos
Capital,Furgao de aluminio
Capital,Gabarito
Capital,Gabinete
Capital,Gabinete acustico
Capital,Gabinete de pia
Capital,Gabinete de secagem
Capital,Gabinete kardex
Capital,Gaiola labirinto
Capital,Gaita
Capital,Gangorra
Capital,Ganza
Capital,Garrote pneumático
Capital,Gastroscopio
Capital,Gaveta de aco inoxidavel
Capital,Gaveteiro
Capital,Gaveteiro de aco
Capital,Gaveteiro de madeira
Capital,Gaveteiro volante
Capital,Geofone
Capital,Gerador de acetileno
Capital,Gerador de efeitos especiais para video
Capital,Gerador de forca
Capital,Gerador de ozona
Capital,Gerador de ozonio
Capital,Gerador de ruidos
Capital,Gerador de solda
Capital,Gerador eletrico
Capital,Gerador para raio x
Capital,Gerenciador gráfico
Capital,Gira gira
Capital,Giraplay
Capital,Globo de bingo
Capital,Globo terrestre
Capital,Glokenspiel
Capital,Gondola
Capital,Gongo
Capital,Gps
Capital,Gravador cassete
Capital,Gravador de audio
Capital,Gravador de cd
Capital,Gravador de dvd
Capital,Gravador de dvd e cd
Capital,Gravador de dvd externo
Capital,Gravador de fita cassete
Capital,Gravador de fita magnetica
Capital,Gravador de holter
Capital,Gravador de rolo
Capital,Gravador de som
Capital,Gravador de video
Capital,Gravador digital dvr
Capital,Gravador e reprodutor de mini disc
Capital,Gravadora de cd
Capital,Gravadora de estencil
Capital,Grupo gerador
Capital,Guara-roupa de aco
Capital,Guarda roupa
Capital,Guarda roupa de aco
Capital,Guarda roupa de madeira
Capital,Guarda rouppa de aco
Capital,Guarda tudo
Capital,Guarda volumes
Capital,Guarita
Capital,Guarita de fibra de vidro
Capital,Guilhotina
Capital,Guincho
Capital,Guincho tipo girafa
Capital,Guindaste
Capital,Guindaste veicular
Capital,Guitarra
Capital,Gyrotec
Capital,Hack 45
Capital,Hamper
Capital,Handie talkie
Capital,Handie-talkie-fm-220
Capital,Hard disk externo
Capital,Haste de escuta
Capital,Hidrolavadora universal
Capital,Hipro
Capital,Histerometro
Capital,Histotécnico
Capital,Home theater
Capital,Homogeneizador de sangue
Capital,Horodatador
Capital,Hoverboard skate flutuante
Capital,Hub
Capital,Identificador radiografico
Capital,Iluminador de led
Capital,Imitanciometro
Capital,Impedanciometro
Capital,Impressora
Capital,Impressora braille
Capital,Impressora plotter
Capital,Impressora termica
Capital,Inalador
Capital,Inclusor a vacuo
Capital,Incubador biologico
Capital,Incubadora
Capital,Instrumentos musicais
Capital,Insuflador
Capital,Intercomunicador
Capital,Interfone
Capital,Inversor
Capital,Inversor de frequencia
Capital,Inversor de polos
Capital,Inversor de tensao
Capital,Jet ski
Capital,Jogo de coordenatografo polar
Capital,Jogo de curvas
Capital,Jogo de estofado
Capital,Kardex de aco
Capital,Kart odontológico
Capital,Laminadora
Capital,Lanca
Capital,Lancha
Capital,Laparoscópico
Capital,Laptop
Capital,Laringoscopio
Capital,Lavadora de alta pressao
Capital,Lavadora de instrumentos cirurgico
Capital,Lavadora de microplacas
Capital,Lavadora de pecas
Capital,Lavadora de pisos
Capital,Leg press
Capital,Leitor de codigo de barras
Capital,Leitor de microficha
Capital,Leitor de microfilme
Capital,Leitor de tela braille
Capital,Leitor de transponder
Capital,Leitor optico
Capital,Leitora automática de microplacas
Capital,Lensometro
Capital,Line force
Capital,Liquidificador
Capital,Lira musical
Capital,Litotripsor
Capital,Livro
Capital,Lixadeira
Capital,Lixadeira automatica de rolo
Capital,Lixadeira orbital
Capital,Localizador apical
Capital,Localizador de metal
Capital,Longarina
Capital,Longarina para auditorio
Capital,Lousa
Capital,Luneta
Capital,Lupa eletronica
Capital,Luximetro
Capital,Maca
Capital,Macaco hidraulico
Capital,Macarico
Capital,Maçarico de corte
Capital,Maçarico de solda
Capital,Mancebo
Capital,Manequim
Capital,Manequim c/ pedestal de madeira
Capital,Manequin de madeira
Capital,Manometro
Capital,Manometro de mercurio
Capital,Manometro digital
Capital,Manometro indicador
Capital,Manometro seco
Capital,Mapoteca
Capital,Mapoteca de aco
Capital,Mapoteca de madeira
Capital,Maq. De franquear correspondencia
Capital,Maquete
Capital,Maquima fotografica
Capital,Maquina chimbau
Capital,Máquina copiadora de chaves
Capital,Maquina de  bolha de sabao
Capital,Maquina de acabamento de cabelo
Capital,Maquina de algodao doce
Capital,Maquina de arquear molas
Capital,Maquina de assinar
Capital,Maquina de back lapping
Capital,Maquina de bordar
Capital,Maquina de consertar camaras de ar
Capital,Maquina de contabilidade
Capital,Maquina de cortar azulejo
Capital,Maquina de cortar cabelo
Capital,Maquina de cortar ferro
Capital,Maquina de cortar frios
Capital,Maquina de cortar garrafas
Capital,Maquina de cortar isopor
Capital,Maquina de cortar pedra
Capital,Maquina de cortar pelicula refletiva
Capital,Maquina de cortar tecido
Capital,Maquina de corte de moldes
Capital,Maquina de costura
Capital,Maquina de desmontar pneu
Capital,Maquina de escerar
Capital,Maquina de escrever
Capital,Maquina de escrever eletrica
Capital,Maquina de escrever eletronica
Capital,Maquina de escrever em braille
Capital,Maquina de escrever mecanica
Capital,Maquina de estampar
Capital,Maquina de fabricar blocos
Capital,Maquina de fabricar lajotas
Capital,Maquina de fazer fralda
Capital,Maquina de fixar ilhos
Capital,Maquina de forrar botoes
Capital,Maquina de fumaca
Capital,Maquina de fumaça
Capital,Maquina de furar e rosquear
Capital,Maquina de furar rede em carga
Capital,Maquina de gelo
Capital,Maquina de imprimir em alto relevo
Capital,Maquina de lavar disco
Capital,Maquina de lavar louca
Capital,Maquina de lavar pecas
Capital,Maquina de lavar roupas
Capital,Maquina de raspar tacos c/ motor monofasico
Capital,Maquina de solda
Capital,Maquina de solda e corte
Capital,Maquina de suco
Capital,Maquina de trico
Capital,Maquina de xerox
Capital,Maquina desobstruidora de esgotos
Capital,Maquina fotografica
Capital,Maquina heliografica
Capital,Maquina impressora
Capital,Maquina impressora manual
Capital,Maquina impressora off-set
Capital,Maquina melheteira
Capital,Maquina p/fabricar blocos de concreto
Capital,Maquina para arquear
Capital,Maquina para bordar
Capital,Maquina para cartao magnetico
Capital,Maquina para confeccionar sacos
Capital,Maquina para desmontar pneu
Capital,Maquina para embalagem
Capital,Maquina para empatar mangueiras
Capital,Maquina para gravacao
Capital,Maquina para gravacao de livros
Capital,Maquina para imprimir em alto relevo
Capital,Maquina para personalizar
Capital,Maquina para projecao de plantas
Capital,Maquina para trabalhar marmore e granito
Capital,Maquina plastificadora eletrica
Capital,Maquina redutora
Capital,Maquina registradora
Capital,Maquina respigadeira
Capital,Maquina vacuum forming
Capital,Marcador de faltas
Capital,Marginador de papel
Capital,Martelete
Capital,Martelete perfurador
Capital,Mastro para bandeira
Capital,Mastros para rede de voley
Capital,Medidor de altura
Capital,Medidor de campo
Capital,Medidor de compressao
Capital,Medidor de condutividade
Capital,Medidor de diametro
Capital,Medidor de distância
Capital,Medidor de espessura
Capital,Medidor de icterícia
Capital,Medidor de nivel de som
Capital,Medidor de ph
Capital,Medidor de resistencia de terra
Capital,Medidor de tensao de correia
Capital,Medidor de vibracao
Capital,Medidor de voltagem
Capital,Medidor fotocolorimetrico
Capital,Megafone
Capital,Megatoscopio de mesa
Capital,Megometro
Capital,Melofone
Capital,Mesa
Capital,Mesa aero hockey
Capital,Mesa antropometrica
Capital,Mesa articulavel
Capital,Mesa auxiliar hospitalar
Capital,Mesa central infantil
Capital,Mesa chaveadora
Capital,Mesa cilindrica
Capital,Mesa cirurgica
Capital,Mesa controladora
Capital,Mesa de aco
Capital,Mesa de apoio
Capital,Mesa de atendimento
Capital,Mesa de bilhar
Capital,Mesa de cabeceira
Capital,Mesa de canto
Capital,Mesa de centro
Capital,Mesa de comando
Capital,Mesa de comando de raio x
Capital,Mesa de controle
Capital,Mesa de exame
Capital,Mesa de fibra de vidro
Capital,Mesa de formica
Capital,Mesa de higienizacao
Capital,Mesa de iluminacao
Capital,Mesa de luz
Capital,Mesa de madeira
Capital,Mesa de madeira infantil adaptada
Capital,Mesa de manicuri
Capital,Mesa de mayo
Capital,Mesa de merenda
Capital,Mesa de mixagem
Capital,Mesa de passar roupa
Capital,Mesa de pebolim
Capital,Mesa de ping pong
Capital,Mesa de reanimacao de recem nascidos
Capital,Mesa de reproducao
Capital,Mesa de som
Capital,Mesa de tamancobol
Capital,Mesa de trabalho
Capital,Mesa de xadres
Capital,Mesa digitalizadora
Capital,Mesa diva
Capital,Mesa elastica
Capital,Mesa empilhavel
Capital,Mesa ergonomica
Capital,Mesa escolar
Capital,Mesa escolar especial
Capital,Mesa executiva
Capital,Mesa expositora
Capital,Mesa ginecologica
Capital,Mesa infantil
Capital,Mesa lateral
Capital,Mesa mixadora
Capital,Mesa obstetrica
Capital,Mesa operadora
Capital,Mesa ortopedica
Capital,Mesa para cafe
Capital,Mesa para copa
Capital,Mesa para costura
Capital,Mesa para desenho
Capital,Mesa para exame clinico
Capital,Mesa para fisioterapia
Capital,Mesa para futebol de botao
Capital,Mesa para impressora
Capital,Mesa para maquina de escrever
Capital,Mesa para microcomputador
Capital,Mesa para microcomputador e impressora
Capital,Mesa para microfilmadora
Capital,Mesa para mimeografo
Capital,Mesa para necropsia
Capital,Mesa para pantografo
Capital,Mesa para posto de trabalho
Capital,Mesa para professor
Capital,Mesa para projecao
Capital,Mesa para raio x
Capital,Mesa para recepcao
Capital,Mesa para refeicao
Capital,Mesa para refeitorio
Capital,Mesa para reuniao
Capital,Mesa para silk screen
Capital,Mesa para telefone
Capital,Mesa para televisao e video
Capital,Mesa para terminal de teleprocessamento
Capital,Mesa para trabalho
Capital,Mesa para tv
Capital,Mesa para video e projetor
Capital,Mesa peninsular
Capital,Mesa plastica
Capital,Mesa plenario
Capital,Mesa rotativa para impressao
Capital,Mesa trapezoidal
Capital,Mesa universitaria de madeira
Capital,Metalofone
Capital,Meteorografo
Capital,Metronomo
Capital,Micro camera
Capital,Micro esterilizador
Capital,Micro ressuscitador
Capital,Micro trator
Capital,Microcomputador
Capital,Microfilmadora
Capital,Microfone
Capital,Microfone de lapela
Capital,Microfone de transmissao para transceptor fixo
Capital,Microfone sem fio
Capital,Micromotor odontológico
Capital,Microscopio
Capital,Microsystem
Capital,Micrótomo
Capital,Microverb 4
Capital,Mimeografo
Capital,Mini bloqueio
Capital,Mini bombeiro
Capital,Mini bugue
Capital,Mini gravador digital
Capital,Mini rack
Capital,Mini system
Capital,Mini trampolin
Capital,Minicomputador
Capital,Mira direta
Capital,Mira invertida de madeira
Capital,Misturador de microfones
Capital,Misturador de som
Capital,Misturador forcado para argamasssa
Capital,Mixer
Capital,Mocho odontológico
Capital,Modelo para anatomia animal
Capital,Modelo para anatomia humana
Capital,Modem
Capital,Modulo de potencia
Capital,Modulo dimmer
Capital,Moedor de carne
Capital,Moldura com espelho
Capital,Monitor cardiaco
Capital,Monitor de audio e video
Capital,Monitor de circuito interno de tv
Capital,Monitor de frequencia cardiaca
Capital,Monitor de gases anestésicos
Capital,Monitor de glicemia
Capital,Monitor de linhas
Capital,Monitor de radiologia
Capital,Monitor de ventilacao
Capital,Monitor de video
Capital,Monitor de video para camera de televisao
Capital,Monitor fetal
Capital,Monitor multiparametrico
Capital,Monitor para camera de seguranca
Capital,Monitor para microcomputador
Capital,Monitor para servidor
Capital,Monitor para ultra som
Capital,Monobloco frigorífico
Capital,Monociclo
Capital,Montadora e desmontadora de pneus
Capital,Morsa
Capital,Moto
Capital,Moto esmeril
Capital,Motobomba
Capital,Motobomba hidraulica
Capital,Motocicleta
Capital,Motoniveladora
Capital,Motopodadeira
Capital,Motoserra
Capital,Mp4
Capital,Multi exercitador
Capital,Multigate
Capital,Multimetro
Capital,Multiprocessador
Capital,Multiprocessador de efeitos de audio
Capital,Multitest
Capital,Mural
Capital,Nasofaringolaringoscopio
Capital,Nefroscópio
Capital,Negatoscopio
Capital,Netebook
Capital,Nobelfone
Capital,Nobreak
Capital,Normografo
Capital,Notebook
Capital,Numerador automatico
Capital,Numerador para marcar pneus
Capital,Oboe
Capital,Obra de arte
Capital,Oftalmometro
Capital,Oftalmoscopio
Capital,Oftalmoscopio de coluna
Capital,Oleo s/duratex circular
Capital,Oleo s/tela
Capital,Ombrelone suspenso
Capital,Onibus
Capital,Oratorio
Capital,Organizador de brinquedos
Capital,Orquidômetro
Capital,Osciloscopio
Capital,Oto oftalmoscopio
Capital,Otocalorimetro
Capital,Otoscopio
Capital,Oximetro
Capital,Oxitenda
Capital,Painel confeccionado em duratex e madeira
Capital,Painel de aco
Capital,Painel de eucatex c/moldura de madeira
Capital,Painel de madeira
Capital,Painel de mensagem
Capital,Painel de parede
Capital,Painel de processamento
Capital,Painel eletronico
Capital,Painel expositor
Capital,Painel fotografico
Capital,Painel para exposicao
Capital,Painel para uti
Capital,Painel psicomotor
Capital,Painel video wall
Capital,Palco
Capital,Palete de madeira
Capital,Palm top
Capital,Palvilhadeira
Capital,Pandeiro
Capital,Panela de pressao industrial
Capital,Panela eletrica
Capital,Panela ortodontica
Capital,Paneleiro
Capital,Paneleiro de madeira
Capital,Panendofibroscopio
Capital,Pantografo
Capital,Paquimetro
Capital,Parafusadeira
Capital,Paralela olimpica
Capital,Paralela simetrica
Capital,Paredao de lona tri tennis
Capital,Pasteurizador
Capital,Pau de fita
Capital,Peca reta
Capital,Pedal de alta rotacao
Capital,Pedaleira para guitarra
Capital,Pedestal para bandeira
Capital,Pedestal para bongo
Capital,Pedestal para conga
Capital,Pedestal para microfone
Capital,Pedestal para teclado
Capital,Pélvis feminina
Capital,Peneira vibratoria sel.de pedras
Capital,Penteadeira
Capital,Perfurador de fio de kirchener
Capital,Perfurador de solo
Capital,Perfurador de solo tratorizado
Capital,Permutador de lp
Capital,Perneira
Capital,Piano
Capital,Picador de galhos de arvores
Capital,Picador de legumes
Capital,Pintura oleo s/duratex
Capital,Pintura oleo s/duratex circular
Capital,Pintura oleo s/tela
Capital,Pintura-acrilico s/tela
Capital,Pipoqueira
Capital,Pirografo
Capital,Piscina de bolinhas
Capital,Pista para carrinho bate bate
Capital,Pistao
Capital,Pistola
Capital,Pistola de água e ar comprimido
Capital,Pistola para lancamento de dardos
Capital,Pistola para pintura
Capital,Pistola para pulverizar
Capital,Placa refrigerada
Capital,Placa vibratoria
Capital,Placar de mesa
Capital,Placar eletronico
Capital,Plaina
Capital,Planetario escolar
Capital,Planimetro
Capital,Plastificadora
Capital,Plataforma auto socorro
Capital,Plataforma de madeira
Capital,Plataforma elevatoria
Capital,Plataforma pantografica
Capital,Plataforma vibratoria
Capital,Playground
Capital,Plicometro
Capital,Plinto
Capital,Plotter
Capital,Pluviografo
Capital,Pneumotacografo
Capital,Polia alta articulada
Capital,Polia superior
Capital,Policorte
Capital,Polidora quimica
Capital,Politriz
Capital,Poltrona
Capital,Poltrona de madeira
Capital,Poltrona escolar individual
Capital,Poltrona estofada
Capital,Poltrona fixa
Capital,Poltrona fixa de madeira
Capital,Poltrona fixa estofada
Capital,Poltrona fixa hospitalar
Capital,Poltrona giratoria
Capital,Poltrona individual
Capital,Poltrona interlocutor
Capital,Poltrona para auditorio
Capital,Poltrona para cabeleireiro
Capital,Poltrona reclinavel
Capital,Poltrona universitaria
Capital,Pontecia de som
Capital,Pontiadeira
Capital,Porta aquario
Capital,Porta balanca
Capital,Porta balde
Capital,Porta banner
Capital,Porta cartazes
Capital,Porta chapeu
Capital,Porta guarda chuvas
Capital,Porta joias
Capital,Porta jornais
Capital,Porta livros
Capital,Porta mapas
Capital,Porta molde
Capital,Porta plantas
Capital,Porta revista
Capital,Poste para rede de voleibol
Capital,Prancha de emergência
Capital,Prancha para abdominal
Capital,Prancheta para desenho
Capital,Prateleira
Capital,Prateleira de aco
Capital,Prateleira de madeira
Capital,Prateleira inclinada
Capital,Pre-amplificador
Capital,Pre-dolby
Capital,Prensa
Capital,Prensa de ferro
Capital,Prensa de madeira
Capital,Prensa hidraulica
Capital,Preparador de alimentos
Capital,Press lateral
Capital,Press peitoral graduado
Capital,Pressao de pernas
Capital,Pressostato
Capital,Processador de alimentos
Capital,Processador de efeitos
Capital,Processador de voz
Capital,Processador digital
Capital,Processadora automatica para raio x
Capital,Processadora de microfilme
Capital,Processadora para endoscopia
Capital,Processadora para raio x
Capital,Profilax
Capital,Programador horario
Capital,Projetor de filmes
Capital,Projetor de imagens
Capital,Projetor de multimidia
Capital,Projetor de optotipos
Capital,Projetor de slides
Capital,Projetor de som
Capital,Projetor elipsoidal
Capital,Projetor fresnel
Capital,Projetor hermetico
Capital,Projetor multimidia
Capital,Projetor oftalmologico
Capital,Pro-mixer
Capital,Propulsora de graxa
Capital,Propulsora de oleo
Capital,Psofometro
Capital,Pulpito
Capital,Pulverizador
Capital,Pupilometro de reflexo corneano
Capital,Purificador de agua
Capital,Puxada alta
Capital,Quadriplicador de imagens
Capital,Quadro branco
Capital,Quadro com mapa
Capital,Quadro de aviso
Capital,Quadro de chaves
Capital,Quadro de editais
Capital,Quadro de madeira
Capital,Quadro de metal
Capital,Quadro de ordens
Capital,Quadro decorativo
Capital,Quadro imantado
Capital,Quadro interativo
Capital,Quadro mural
Capital,Quadro negro
Capital,Quadro para flip-shart
Capital,Quadro para plantas
Capital,Quadro para tchoukball
Capital,Queixada
Capital,Quiosque
Capital,Rack
Capital,Rack de iluminacao
Capital,Rack de madeira
Capital,Rack para datacenter
Capital,Rack para som
Capital,Rack para transceptor movel
Capital,Rack unidade de acessorios central p/telefones ks
Capital,Rádio
Capital,Radio comunicador
Capital,Radio gravador
Capital,Rádio portátil
Capital,Radio transmissor
Capital,Radiofoto digital
Capital,Radiometro
Capital,Reanimador
Capital,Rebarbador de cilindros
Capital,Rebitadeira
Capital,Rebitadeira para lona de freio
Capital,Rebitador
Capital,Rebobinador de filme
Capital,Rebolo
Capital,Recarregador
Capital,Receptor
Capital,Receptor de satelite
Capital,Receptor gps
Capital,Receptor para antena parabolica
Capital,Receptor para microfone
Capital,Receptor para microfone lapela
Capital,Receptor para microfone sem fio
Capital,Receptor uhf
Capital,Recipientes para oleo
Capital,Reco reco
Capital,Recortador de gesso
Capital,Redutor a rosca
Capital,Redutor de velocidade
Capital,Refiladora de papel
Capital,Refletor
Capital,Refletor odontologico
Capital,Refletor parabolico
Capital,Refrator oftalmologico
Capital,Refresqueira
Capital,Refrigerador
Capital,Registrador de excesso de velocidade
Capital,Registrador de pressao manometrica
Capital,Registrador de violacao de faixa de retencao
Capital,Registrador pneumatico de pressao
Capital,Regua antropometrica
Capital,Regua de som
Capital,Régua escano gráfica
Capital,Regulador automatico de pressao
Capital,Regulador de acetileno
Capital,Regulador de oxigenio
Capital,Regulador de pressao
Capital,Regulador de tensao
Capital,Regulador de vacuo
Capital,Relogio
Capital,Relogio datador
Capital,Relogio de parede
Capital,Relogio de ponto
Capital,Relogio de vigia
Capital,Relogio de xadrez
Capital,Relogio horodatador
Capital,Relogio protocolador
Capital,Relógio sinaleiro
Capital,Relogio time para tratamento
Capital,Remada
Capital,Remada sentada
Capital,Renovador de ar
Capital,Repinique
Capital,Repique
Capital,Reprodutor de imagens
Capital,Repuxadora de lataria
Capital,Requinta
Capital,Resfriador
Capital,Resfriador posterior
Capital,Respigadeira
Capital,Respirador
Capital,Respirador artificial
Capital,Respirador eletronico
Capital,Ressucitador
Capital,Resusci-anne
Capital,Retificadeira
Capital,Retificador
Capital,Retificador de baterias
Capital,Retificador de forca
Capital,Retificador de solda
Capital,Retificador para pabx
Capital,Retificadora pneumatica
Capital,Retinoscopio
Capital,Retinoscopio de coluna
Capital,Retroescavadeira
Capital,Retroprojetor
Capital,Revisteiro
Capital,Revolver
Capital,Revolver finca pinos
Capital,Revolver para graxa
Capital,Roca
Capital,Roca de pedal
Capital,Roca eletrica
Capital,Roçadeira
Capital,Roçadeira agrícola
Capital,Roda de ombro
Capital,Roda gigante
Capital,Roda panoramica
Capital,Rolo compactador
Capital,Ropueiro de aco
Capital,Rosca apoiada scott
Capital,Rotacao dupla diagonal
Capital,Rotacao vertical
Capital,Roteador
Capital,Rotor de aeracao
Capital,Rotulador
Capital,Roupeiro
Capital,Roupeiro de aco
Capital,Roupeiro de madeira
Capital,Router
Capital,Saca polia
Capital,Salpingografos
Capital,Sanduicheira
Capital,Sangrador de freios
Capital,Sanitizadora
Capital,Sarrafo para salto em altura
Capital,Sax
Capital,Sax alto
Capital,Sax baritono
Capital,Sax genis
Capital,Sax horn
Capital,Sax soprano
Capital,Sax tenor
Capital,Saxhorn alto
Capital,Saxofone
Capital,Saxofone alto
Capital,Saxofone tenor
Capital,Scanman
Capital,Scanner
Capital,Secador de ar comprimido
Capital,Secador de cabelo
Capital,Secador de mao
Capital,Secador radiografico
Capital,Secadora de filmes
Capital,Secadora de papel
Capital,Secadora de roupas
Capital,Secadora de traquéia
Capital,Secadora para fotografias
Capital,Secretaria eletronica
Capital,Segador rotativo
Capital,Sensitometro
Capital,Sensor de presença
Capital,Seriografo para raio x
Capital,Serra
Capital,Serra circular
Capital,Serra de disco
Capital,Serra de esquadria
Capital,Serra de fita
Capital,Serra fixa
Capital,Serra helicorte
Capital,Serra manual
Capital,Serra marmore
Capital,Serra mecanica
Capital,Serra para ferro
Capital,Serra para gesso
Capital,Serra tico tico
Capital,Servidor
Capital,Servidor de rede
Capital,Servo ventilador
Capital,Set de prato
Capital,Shamporizador para lava rapido
Capital,Simetrografo
Capital,Simulador de caminhada
Capital,Simulador de cavalgada
Capital,Simulador manequim
Capital,Sincronizador para projetor
Capital,Sintonizador
Capital,Sistema de vídeo para endourologia
Capital,Sistema fotodocumentação de géis
Capital,Smith machine
Capital,Socador de piso
Capital,Sofa
Capital,Sofanete
Capital,Soft start
Capital,Soldadora
Capital,Sommier
Capital,Sonar
Capital,Sonic borden para ultrassom odontológico
Capital,Sonophasys
Capital,Soprador termico
Capital,Souzafones
Capital,Steps
Capital,Stereo cassette deck
Capital,Stereo tuner
Capital,Storage
Capital,Strobo
Capital,Submarino
Capital,Sulcador de linha
Capital,Supino
Capital,Suporte com regulador de pressao
Capital,Suporte de aco
Capital,Suporte de hamper
Capital,Suporte de instrumento musical
Capital,Suporte de madeira para espelho tipo envernizado
Capital,Suporte de madeira para modelo de manequim
Capital,Suporte metalico p/mastros de bandeiras
Capital,Suporte movel para montar motor
Capital,Suporte p/ estufa
Capital,Suporte para anilhas
Capital,Suporte para bandeira
Capital,Suporte para banner
Capital,Suporte para bobina
Capital,Suporte para braco
Capital,Suporte para cabide
Capital,Suporte para caixa de som
Capital,Suporte para chapeu
Capital,Suporte para cpu
Capital,Suporte para cpu e estabilizador
Capital,Suporte para esterilizador
Capital,Suporte para flanelografo
Capital,Suporte para furadeira
Capital,Suporte para maca
Capital,Suporte para maquiagem
Capital,Suporte para microcomputador
Capital,Suporte para microondas
Capital,Suporte para monitor de microcomputador
Capital,Suporte para motores
Capital,Suporte para nobreak
Capital,Suporte para partitura musical
Capital,Suporte para perna
Capital,Suporte para projetor de imagens
Capital,Suporte para respiratorio
Capital,Suporte para saco hamper
Capital,Suporte para soro
Capital,Suporte para tecido
Capital,Suporte para teclado
Capital,Suporte para teleradiografia
Capital,Suporte para tv
Capital,Suporte para tv e dvd
Capital,Suporte para tv e video
Capital,"Suporte para tv,video e dvd"
Capital,Suporte para urna funeraria
Capital,Surdo
Capital,Surdo medio
Capital,Surdo mor
Capital,Switch
Capital,Tabela de basquetebol
Capital,Tabela de mini-basquete
Capital,Tablet
Capital,Tabua de avd
Capital,Tabua de passar roupa
Capital,Tabua de quadriceps
Capital,Tabua proprioceptiva
Capital,Tabuleiro de xadrez gigante
Capital,Tacografo
Capital,Tacômetro
Capital,Tambor musical
Capital,Tamborete
Capital,Tamborete giratorio
Capital,Tamborim
Capital,Tanque de formulacao
Capital,Tanque de revelacao de filmes
Capital,Tanque de revelacao triplex
Capital,Tanque estacionario
Capital,Tanque estacionario p/armaz.de asfalto
Capital,Tanque para transporte de agua
Capital,Tanque pulverizador
Capital,Tanquinho para lavar roupas
Capital,Tape deck
Capital,Tape drive
Capital,Teatro de fantoche
Capital,Teclado musical
Capital,Tecnigrafo
Capital,Tela cinematografica
Capital,Tela para projecao
Capital,Telelupa monocular
Capital,Telemedidor para tanque de combustivel
Capital,Televisao de madeira
Capital,Televisor
Capital,Televisor de lcd
Capital,Televisor de plasma
Capital,Tenda de oxigenio
Capital,Tenda pantográfica
Capital,Tenda piramidal
Capital,Teodolito
Capital,Terminal de auto atendimento
Capital,Terminal de microcomputador
Capital,Termocauterio
Capital,Termocera
Capital,Termohigrografo
Capital,Termohigrometro
Capital,Termometro de globo
Capital,Termometro de globo digital
Capital,Termômetro infravermelho
Capital,Termonebulizador
Capital,Termoseladora
Capital,Terraceador agrícola de arrasto
Capital,Testador de bicos injetores
Capital,Testador de cabos
Capital,Testador de induzido
Capital,Testador de modem
Capital,Testador de motor de partida
Capital,Testador de semicondutores
Capital,Teste freio
Capital,Thin client
Capital,Timba
Capital,Timbale
Capital,Timbau
Capital,Timer
Capital,Timpano
Capital,Toalheiro
Capital,Toca discos
Capital,Toca fitas
Capital,Tonometro
Capital,Tonometro de aplanacao
Capital,Torno de bancada
Capital,Torno eletrico
Capital,Torno giratorio
Capital,Torno mecanico
Capital,Torno para encanador
Capital,Torno para madeira
Capital,Torno para modelagem de barro
Capital,Torquimetro
Capital,Torradeira de farinha
Capital,Torso
Capital,Totem com monitor de reconhecimento facial
Capital,Totem para alcool em gel
Capital,Traçador grafico
Capital,Trampolim
Capital,Tranceiver
Capital,Transceptor fixo
Capital,Transceptor movel
Capital,Transceptor portatil
Capital,Transcoder
Capital,Transcodificador de sinais
Capital,Transformador
Capital,Transformador de voltagem
Capital,Transformador para raio x
Capital,Transformador para solda
Capital,Transiluminador
Capital,Transmissor de sinal
Capital,Transmissor para instrumentos musicais
Capital,Transmissor para microfone
Capital,Transmissor para microfone sem fio
Capital,Transportador mecanico continuo
Capital,Trator
Capital,Trator automatico
Capital,Treinador de fala
Capital,Treinador de fala coletivo
Capital,Treinador de fala pararitimo
Capital,Treliça box truss
Capital,Triangulo
Capital,Triciclo
Capital,Trijato com exaustor
Capital,Tripé
Capital,Triturador de resíduos orgânicos
Capital,Trocador de fraldas
Capital,Trombone
Capital,Trombone de vara
Capital,Trompa
Capital,Trompete
Capital,Trompete de vara
Capital,Tuba
Capital,Tumbadora
Capital,Tupia
Capital,Turbidimetro
Capital,Turbidimetro nefelometrico
Capital,Turbilhao
Capital,Ultracurve
Capital,Umidificador
Capital,Unidade de aquecimento e resfriamento para colchão
Capital,Unidade de cuidados intensivos e reanimação
Capital,Upa-upa
Capital,Ureteroscópio
Capital,Urna de madeira
Capital,Usina de asfalto
Capital,Usina rotativa
Capital,Vacuometro
Capital,Vaga oceanica
Capital,Vaporetto
Capital,Vaporizador
Capital,Vara cênica
Capital,Vectonistagmografo
Capital,Ventilador
Capital,Ventilador de coluna
Capital,Ventilador de mesa
Capital,Ventilador de parede
Capital,Ventilador de pedestal
Capital,Ventilador de teto
Capital,Ventilador eletronico
Capital,Ventilador pulmonar
Capital,Viatura de combate a incendio
Capital,Vibrador osseo
Capital,Vibrador para concreto
Capital,Video cassete
Capital,Video cd
Capital,Vídeo colonoscópio
Capital,Video game
Capital,Vídeo porteiro
Capital,Video walkman
Capital,Violao
Capital,Violino
Capital,Violoncelo
Capital,Vitrine
Capital,Vitrola
Capital,Voador peitoral
Capital,Vocalizador
Capital,Voltimetro
Capital,Vulcanizador
Capital,Vulcanizador de pneus
Capital,Webcam portátil
Capital,Workstation
Capital,Xilofone
Capital,Zabumba
Capital,Zepelin
