"Aplicação do recurso","Especificação do material ou serviço","",""
"Custeio: material","Material pedagógico","",""
"Custeio: material","Material de expediente","",""
"Custeio: material","Material de higiene, limpeza e primeiros socorros","",""
"Custeio: material","Material para conservação predial","",""
"Custeio: material","Material para conservação de equipamento e mobiliário","",""
"Custeio: material","Outros [Campo aberto para digitação)","",""
"Custeio: tributos e tarifas","Instituto Nacional de Seguridade Social - INSS","",""
"Custeio: tributos e tarifas","Imposto de Renda Retido na Fonte - IRRF","",""
"Custeio: tributos e tarifas","PIS/COFINS/CSLL na Fonte","",""
"Custeio: tributos e tarifas","Imposto Sobre Serviço de Qualquer Natureza - ISS","",""
"Custeio: tributos e tarifas","Taxa de Fiscalização de Estabelecimentos (TFE)","",""
"Custeio: tributos e tarifas","Tarifa bancária: manutenção da conta ativa","",""
"Custeio: tributos e tarifas","Tarifa bancária: renovação de cadastro","",""
"Custeio: tributos e tarifas","Tarifa bancária: processamento de cheque","",""
"Custeio: tributos e tarifas","Tarifa bancária: fornecimento de cheque","",""
"Custeio: tributos e tarifas","Tarifa bancária: devolução de cheque","",""
"Custeio: tributos e tarifas","Tarifa bancária: microfilme do cheque","",""
"Custeio: tributos e tarifas","Tarifa bancária: extrato excedente","",""
"Custeio: tributos e tarifas","Outros [Campo aberto para digitação)","",""
"Custeio: serviço","Hidraulica","",""
"Custeio: serviço","Elétrica","",""
"Custeio: serviço","Pintura","",""
"Custeio: serviço","Alvenaria","",""
"Custeio: serviço","Carpintaria e serralheria","",""
"Custeio: serviço","Marcenaria","",""
"Custeio: serviço","Jardinagem","",""
"Custeio: serviço","Paisagismo","",""
"Custeio: serviço","Colocação e instalação de assoalhos, cortinas, revestimentos","",""
"Custeio: serviço","Recuperação, raspagem, polimento e lustração de pisos e congêneres","",""
"Custeio: serviço","Calafetação","",""
"Custeio: serviço","Limpeza de caixa d'água","",""
"Custeio: serviço","Corte de mato","",""
"Custeio: serviço","Poda de árvore","",""
"Custeio: serviço","Limpeza de calha","",""
"Custeio: serviço","Decoração","",""
"Custeio: serviço","Dedetização, desinfecção, desinsetização, imunização, higienização, desratização, pulverização e congêneres.","",""
"Custeio: serviço","Transporte por ônibus","",""
"Custeio: serviço","Serviços de informática","",""
"Custeio: serviço","Contabilidade","",""
"Custeio: serviço","Apresentação de palestras, conferências, seminários e congêneres.","",""
"Custeio: serviço","Serviços de registros públicos, cartorários e notariais, autenticação de documentos e reconhecimento de firmas","",""
"Custeio: serviço","Serviços de biblioteconomia.","",""
"Custeio: serviço","Ginástica, dança, esportes, natação, artes marciais e demais atividades físicas.","",""
"Custeio: serviço","Outros serviços de instrução, treinamento, orientação pedagógica e educacional, avaliação de conhecimentos de qualquer natureza.","",""
"Custeio: serviço","Produção de eventos","",""
"Custeio: serviço","Fonografia ou gravação de sons, inclusive trucagem, dublagem, mixagem e congêneres.","",""
"Custeio: serviço","Fotografia e cinematografia, inclusive revelação, ampliação, cópia, retocagem, reprodução, trucagem e congêneres","",""
"Custeio: serviço","Reprografia, microfilmagem e digitalização.","",""
"Custeio: serviço","Colocação de molduras e congêneres.","",""
"Custeio: serviço","Encadernação, gravação e douração de livros, revistas e congêneres.","",""
"Custeio: serviço","Artes gráficas, tipografia, diagramação, paginação e gravação.","",""
"Custeio: serviço","Composição gráfica, inclusive composição de impressos gráficos, fotocomposição, clicheria, zincografia, litografia, fotolitografia, estereotipia, serigrafia e outras matrizes de impressão","",""
"Custeio: serviço","Serviços de chaveiros, confecção de carimbos, placas, sinalização visual, banners, adesivos e congêneres.","",""
"Custeio: serviço","Recreação e animação, inclusive em festas e eventos de qualquer natureza.","",""
"Custeio: serviço","Instalação e montagem de aparelhos, máquinas e equipamentos, prestados ao usuário final","",""
"Custeio: serviço","Lustração de bens móveis.","",""
"Custeio: serviço","Lubrificação, limpeza, revisão de máquinas, aparelhos, equipamentos, motores, elevadores e objetos de qualquer natureza","",""
"Custeio: serviço","Carga e recarga de aparelhos, equipamentos e objetos de quaisquer natureza.","",""
"Custeio: serviço","Conserto, restauração, manutenção e conservação de máquinas, aparelhos, equipamentos, motores, elevadores ou de quaisquer outros objetos","",""
"Custeio: serviço","Afiador de utensílios domésticos e afinador de instrumentos musicais","",""
"Custeio: serviço","Restauração, recondicionamento, acondicionamento, pintura, beneficiamento, lavagem, secagem, tingimento, galvanoplastia, anodização, corte, recorte, polimento, plastificação, costura, acabamento, e congêneres, de objetos quaisquer.","",""
"Custeio: serviço","Alfaiataria, costura e congêneres, quando o material for fornecido pelo usuário final, exceto aviamento.","",""
"Custeio: serviço","Tinturaria e lavanderia.","",""
"Custeio: serviço","Tapeçaria e reforma de estofamentos em geral.","",""
"Custeio: serviço","Cessão de andaimes, palcos, coberturas e outras estruturas de uso temporário.","",""
"Custeio: serviço","Espetáculos teatrais e espetáculos circenses, óperas, ballet, danças, concertos, recitais e congêneres","",""
"Custeio: serviço","Artista circense e músico","",""
"Custeio: serviço","Serviços de artistas, atletas, modelos e manequins.","",""
"Custeio: serviço","Artistas, atletas, modelos e manequins","",""
"Custeio: serviço","Outros [Campo aberto para digitação)","",""
"Capital"," Amplificador para fones de ouvido","",""
"Capital"," Analisador bioquimico","",""
"Capital"," Analisador de distribuidor de motor a explosao","",""
"Capital"," Analisador de espectro","",""
"Capital"," Analisador de motores","",""
"Capital"," Analisador de ph","",""
"Capital"," Analisador de voltagem","",""
"Capital"," Analizador de hematologia","",""
"Capital"," Analizador de pressao","",""
"Capital"," Analizador de radiadores","",""
"Capital"," Analizador dsp","",""
"Capital"," Analog delay","",""
"Capital"," Anatomic anne","",""
"Capital"," Andador","",""
"Capital"," Andaime","",""
"Capital"," Anigoscopio","",""
"Capital"," Anodizador ","",""
"Capital"," Antena parabolica","",""
"Capital"," Anuscopio de pitanga","",""
"Capital"," Aparador","",""
"Capital"," Aparador de cerca viva","",""
"Capital"," Aparelho autonomo de respiracao de ar comprimido","",""
"Capital"," Aparelho brunidor std","",""
"Capital"," Aparelho carrocel twister","",""
"Capital"," Aparelho celular","",""
"Capital"," Aparelho de acuidade visual","",""
"Capital"," Aparelho de aerosselterapia","",""
"Capital"," Aparelho de anestesia","",""
"Capital"," Aparelho de ar condicionado","",""
"Capital"," Aparelho de ar condicionado condensadora","",""
"Capital"," Aparelho de ar condicionado condensadora central","",""
"Capital"," Aparelho de ar condicionado evaporadora","",""
"Capital"," Aparelho de bioimpedancia","",""
"Capital"," Aparelho de cardiotocografo","",""
"Capital"," Aparelho de depilacao","",""
"Capital"," Aparelho de diatermia","",""
"Capital"," Aparelho de dvd","",""
"Capital"," Aparelho de eletro estimulacao","",""
"Capital"," Aparelho de eletroresistividade","",""
"Capital"," Aparelho de eletroterapia","",""
"Capital"," Aparelho de fax","",""
"Capital"," Aparelho de fax","",""
"Capital"," Aparelho de fonte de luz","",""
"Capital"," Aparelho de fotopolimerizador","",""
"Capital"," Aparelho de fototerapia","",""
"Capital"," Aparelho de infra vermelho","",""
"Capital"," Aparelho de ionizacao","",""
"Capital"," Aparelho de jateamento por succao","",""
"Capital"," Aparelho de laser microprocessado","",""
"Capital"," Aparelho de laserterapia","",""
"Capital"," Aparelho de mergulho","",""
"Capital"," Aparelho de microcorrentes","",""
"Capital"," Aparelho de mp3","",""
"Capital"," Aparelho de ondas curtas","",""
"Capital"," Aparelho de osmose reversa","",""
"Capital"," Aparelho de perfilagem eletrica","",""
"Capital"," Aparelho de profilaxia","",""
"Capital"," Aparelho de raio laser","",""
"Capital"," Aparelho de raio x","",""
"Capital"," Aparelho de retifica de valvulas","",""
"Capital"," Aparelho de telex","",""
"Capital"," Aparelho de treinamento de fala","",""
"Capital"," Aparelho de ultra som","",""
"Capital"," Aparelho de videoke","",""
"Capital"," Aparelho diatermia","",""
"Capital"," Aparelho facial","",""
"Capital"," Aparelho fonte de alimentacao regulada","",""
"Capital"," Aparelho fotopolimerizador","",""
"Capital"," Aparelho fumigador","",""
"Capital"," Aparelho gerador de ozonio","",""
"Capital"," Aparelho headset","",""
"Capital"," Aparelho hidropneumatico","",""
"Capital"," Aparelho homogenizador","",""
"Capital"," Aparelho infra-vermelho","",""
"Capital"," Aparelho mini-doppler","",""
"Capital"," Aparelho nebulizador","",""
"Capital"," Aparelho para aspiracao","",""
"Capital"," Aparelho para bioquimica","",""
"Capital"," Aparelho para bobina","",""
"Capital"," Aparelho para descontaminacao ","",""
"Capital"," Aparelho para leitura","",""
"Capital"," Aparelho para lixar pe","",""
"Capital"," Aparelho para medir pressao arterial","",""
"Capital"," Aparelho para telemarketing","",""
"Capital"," Aparelho para teste de telefone","",""
"Capital"," Aparelho para teste ergometrico","",""
"Capital"," Aparelho pbx","",""
"Capital"," Aparelho phlebo press","",""
"Capital"," Aparelho rebobinador","",""
"Capital"," Aparelho ressucitador pulmotor","",""
"Capital"," Aparelho sequencial","",""
"Capital"," Aparelho spinlight ","",""
"Capital"," Aparelho telefonico","",""
"Capital"," Aparelho telefonico ks","",""
"Capital"," Aparelho telefonico pabx","",""
"Capital"," Aparelho telefonico sem fio","",""
"Capital"," Aparelho tens","",""
"Capital"," Aparelho terminal ks inteligente","",""
"Capital"," Aparelho tira mofo","",""
"Capital"," Aparelho tirfor ","",""
"Capital"," Aparelho vibrador de gesso","",""
"Capital"," Aplicador de cera","",""
"Capital"," Aplicador de cola","",""
"Capital"," Aquecedor de agua","",""
"Capital"," Aquecedor de agua a gas","",""
"Capital"," Aquecedor de ambiente","",""
"Capital"," Aquecedor de mamadeira","",""
"Capital"," Aquecedor de marmitas","",""
"Capital"," Aquecedor infra vermelho","",""
"Capital"," Arara","",""
"Capital"," Armario","",""
"Capital"," Armario auxiliar","",""
"Capital"," Armario de aco","",""
"Capital"," Armario de madeira","",""
"Capital"," Armario de parede","",""
"Capital"," Arqueadeira","",""
"Capital"," Arqueadora de molas","",""
"Capital"," Arquivo de aco","",""
"Capital"," Arquivo de madeira","",""
"Capital"," Arquivo deslizante","",""
"Capital"," Aspirador cirurgico","",""
"Capital"," Aspirador de agua","",""
"Capital"," Aspirador de po","",""
"Capital"," Aspirador de po e agua","",""
"Capital"," Aspirador e jateador de ar","",""
"Capital"," Aspirador hospitalar","",""
"Capital"," Atabaque","",""
"Capital"," Atomizador","",""
"Capital"," Atomizador costal","",""
"Capital"," Audiometro","",""
"Capital"," Auscutador fetal","",""
"Capital"," Autenticadora","",""
"Capital"," Auto bomba","",""
"Capital"," Auto radio","",""
"Capital"," Auto salvamento","",""
"Capital"," Autoclave","",""
"Capital"," Badisco","",""
"Capital"," Bafometro","",""
"Capital"," Baia para atendimento","",""
"Capital"," Baixo","",""
"Capital"," Baixo tuba","",""
"Capital"," Balanca antropometrica","",""
"Capital"," Balanca eletronica","",""
"Capital"," Balanca mecanica","",""
"Capital"," Balanca pesa bebe","",""
"Capital"," Balanceador de rodas","",""
"Capital"," Balancin","",""
"Capital"," Balanco","",""
"Capital"," Balanco proprioceptivo","",""
"Capital"," Balcao de aco","",""
"Capital"," Balcao de atendimento","",""
"Capital"," Balcao de madeira","",""
"Capital"," Balcao de plastico","",""
"Capital"," Balcao frigorifico","",""
"Capital"," Balcao para recepcao","",""
"Capital"," Balcao termico","",""
"Capital"," Balsa inflavel","",""
"Capital"," Bancada de ferro","",""
"Capital"," Bancada de madeira","",""
"Capital"," Bancada de trabalho","",""
"Capital"," Banco adutor","",""
"Capital"," Banco de ferro","",""
"Capital"," Banco de madeira","",""
"Capital"," Banco fixo","",""
"Capital"," Banco giratorio","",""
"Capital"," Banco giratorio de madeira","",""
"Capital"," Banco infantil","",""
"Capital"," Banco para bateria","",""
"Capital"," Banco para jardim","",""
"Capital"," Banco para piano","",""
"Capital"," Banco para refeitorio","",""
"Capital"," Banco para supino","",""
"Capital"," Banco para teclado","",""
"Capital"," Banco sueco","",""
"Capital"," Bandinha","",""
"Capital"," Banheiro quimico","",""
"Capital"," Banho de parafina","",""
"Capital"," Banho maria","",""
"Capital"," Banqueta alta","",""
"Capital"," Banqueta de ferro","",""
"Capital"," Banqueta de madeira","",""
"Capital"," Banqueta fixa","",""
"Capital"," Banqueta giratoria","",""
"Capital"," Banqueta para desenhista","",""
"Capital"," Banqueta para panela","",""
"Capital"," Banqueta plastica","",""
"Capital"," Barco","",""
"Capital"," Barometro","",""
"Capital"," Barra para ginastica","",""
"Capital"," Barra paralela","",""
"Capital"," Barraca","",""
"Capital"," Barreira para salto","",""
"Capital"," Barreira registradora de excesso de velocidade","",""
"Capital"," Bastidor para estacao fixa","",""
"Capital"," Bastidor para estacao repetidora","",""
"Capital"," Batedeira","",""
"Capital"," Bateria musical","",""
"Capital"," Bau de aluminio","",""
"Capital"," Bau de madeira","",""
"Capital"," Bebe conforto","",""
"Capital"," Bebedouro","",""
"Capital"," Beliche","",""
"Capital"," Berco","",""
"Capital"," Berco aquecido","",""
"Capital"," Berco de ferro","",""
"Capital"," Berco de madeira","",""
"Capital"," Berco hospitalar","",""
"Capital"," Betoneira","",""
"Capital"," Bicama","",""
"Capital"," Bicicleta","",""
"Capital"," Bicicleta eletromagnetica","",""
"Capital"," Bicicleta ergometrica","",""
"Capital"," Bigorna","",""
"Capital"," Bilispot","",""
"Capital"," Biombo","",""
"Capital"," Biombo de madeira","",""
"Capital"," Biombo para raio x odontologico","",""
"Capital"," Bipe","",""
"Capital"," Bisturi eletrico","",""
"Capital"," Bisturi eletronico","",""
"Capital"," Bloqueador de chamadas interubarno","",""
"Capital"," Bloqueador inflavel","",""
"Capital"," Bomba aspiradora","",""
"Capital"," Bomba auto escorvante","",""
"Capital"," Bomba centrifuga","",""
"Capital"," Bomba de alta sucsao","",""
"Capital"," Bomba de emulsao","",""
"Capital"," Bomba de graxa","",""
"Capital"," Bomba de incendio","",""
"Capital"," Bomba de infusao","",""
"Capital"," Bomba de oleo","",""
"Capital"," Bomba de succao","",""
"Capital"," Bomba de vacuo","",""
"Capital"," Bomba detectora de gases","",""
"Capital"," Bomba dosadora","",""
"Capital"," Bomba hidraulica","",""
"Capital"," Bomba para abastecimento","",""
"Capital"," Bomba para lavagem de veiculos","",""
"Capital"," Bomba para transferencia de oleo diesel","",""
"Capital"," Bomba pulverizadora","",""
"Capital"," Bomba rotativa","",""
"Capital"," Bombardao","",""
"Capital"," Bombardino","",""
"Capital"," Bombo","",""
"Capital"," Bonde","",""
"Capital"," Bongo","",""
"Capital"," Bote inflavel","",""
"Capital"," Bracadeira para injecao","",""
"Capital"," Braco articulavel para monitor","",""
"Capital"," Braco pantografico","",""
"Capital"," Britador","",""
"Capital"," Brocarete","",""
"Capital"," Buffet","",""
"Capital"," Bumbo","",""
"Capital"," Bumbo fuzileiro","",""
"Capital"," Bussola","",""
"Capital"," Busto","",""
"Capital"," Cabine audiometrica","",""
"Capital"," Cacamba","",""
"Capital"," Cacamba basculante","",""
"Capital"," Cadeira","",""
"Capital"," Cadeira automatica","",""
"Capital"," Cadeira cirurgica","",""
"Capital"," Cadeira de ferro","",""
"Capital"," Cadeira de madeira","",""
"Capital"," Cadeira de rodas","",""
"Capital"," Cadeira dirigivel","",""
"Capital"," Cadeira escolar","",""
"Capital"," Cadeira escolar especial","",""
"Capital"," Cadeira fixa","",""
"Capital"," Cadeira fixa empilhavel","",""
"Capital"," Cadeira giratoria","",""
"Capital"," Cadeira hidraulica","",""
"Capital"," Cadeira infantil","",""
"Capital"," Cadeira infantil adaptada","",""
"Capital"," Cadeira odontologica","",""
"Capital"," Cadeira oftalmologica","",""
"Capital"," Cadeira otorrinolaringologia","",""
"Capital"," Cadeira para balcao","",""
"Capital"," Cadeira para banho","",""
"Capital"," Cadeira para barbeiro","",""
"Capital"," Cadeira para cabeleireiro","",""
"Capital"," Cadeira para coleta de sangue","",""
"Capital"," Cadeira para massagem","",""
"Capital"," Cadeira para raio x","",""
"Capital"," Cadeira para refeitorio","",""
"Capital"," Cadeira para turbilhao","",""
"Capital"," Cadeira secretaria","",""
"Capital"," Cadeira universitaria","",""
"Capital"," Cadeira veicular","",""
"Capital"," Cadeirao para bebe","",""
"Capital"," Cadeirao para guarda-vidas","",""
"Capital"," Cadeirinha para crianca","",""
"Capital"," Caderia de madeira","",""
"Capital"," Cafeteira eletrica","",""
"Capital"," Caixa acustica","",""
"Capital"," Caixa acustica amplificada","",""
"Capital"," Caixa acustica para impressora brailler","",""
"Capital"," Caixa de guerra","",""
"Capital"," Caixa malacacheta","",""
"Capital"," Caixa para raio x","",""
"Capital"," Caixa para revelacao radiologica","",""
"Capital"," Caixa repique","",""
"Capital"," Caixa tarol","",""
"Capital"," Calandra","",""
"Capital"," Calculadora","",""
"Capital"," Calculadora eletrica","",""
"Capital"," Calculadora eletronica","",""
"Capital"," Calculadora financeira","",""
"Capital"," Calculadora grafica","",""
"Capital"," Calculadora mecanica","",""
"Capital"," Caleidoscopio","",""
"Capital"," Calibrador acustico","",""
"Capital"," Calibrador de pneus","",""
"Capital"," Cama de ferro","",""
"Capital"," Cama de madeira","",""
"Capital"," Cama dobravel","",""
"Capital"," Cama elastica","",""
"Capital"," Cama ginecologica","",""
"Capital"," Cama hospitalar","",""
"Capital"," Cama para massagem","",""
"Capital"," Cama para vacina","",""
"Capital"," Camara com lampada uv","",""
"Capital"," Camara de conservacao","",""
"Capital"," Camara de eco","",""
"Capital"," Camara de seguranca biologica","",""
"Capital"," Camara fotografica","",""
"Capital"," Camara frigorifica","",""
"Capital"," Camara para revelacao","",""
"Capital"," Cambao","",""
"Capital"," Camera de seguranca","",""
"Capital"," Camera de televisao","",""
"Capital"," Camera de video","",""
"Capital"," Cancela automatica","",""
"Capital"," Caneta de alta rotacao","",""
"Capital"," Caneta emissora laser","",""
"Capital"," Caneta para corte","",""
"Capital"," Caneta para gravacao","",""
"Capital"," Caneta para leitura optica","",""
"Capital"," Caneta para solda","",""
"Capital"," Caneta rapidograph","",""
"Capital"," Canhao","",""
"Capital"," Canhao de laser","",""
"Capital"," Canhao para agua","",""
"Capital"," Canhao seguidor","",""
"Capital"," Canteadeira","",""
"Capital"," Cantinho de madeira","",""
"Capital"," Cantoneira","",""
"Capital"," Cantoneira para correspondencia","",""
"Capital"," Capacimetro","",""
"Capital"," Capela de fluxo laminar","",""
"Capital"," Capela para exaustao de gases","",""
"Capital"," Capota","",""
"Capital"," Capsula para agulha","",""
"Capital"," Cardioscopio sinais vitais","",""
"Capital"," Cardiotocografo","",""
"Capital"," Cardioversor","",""
"Capital"," Carga fantasma","",""
"Capital"," Carregador de bateria","",""
"Capital"," Carregador de flash","",""
"Capital"," Carregador de gas","",""
"Capital"," Carregador de pilhas","",""
"Capital"," Carreta","",""
"Capital"," Carreta de bondinho","",""
"Capital"," Carreta para lancha","",""
"Capital"," Carreta para moto aquatica","",""
"Capital"," Carreta para transporte","",""
"Capital"," Carreta para transporte de caixoes e coroa flores","",""
"Capital"," Carreta rodoviaria","",""
"Capital"," Carrinho auxiliar","",""
"Capital"," Carrinho bate bate","",""
"Capital"," Carrinho de emergencia","",""
"Capital"," Carrinho de ferro","",""
"Capital"," Carrinho para bebe","",""
"Capital"," Carrinho para cilindros","",""
"Capital"," Carrinho para deficiente","",""
"Capital"," Carrinho para documentos","",""
"Capital"," Carrinho para ferramentas","",""
"Capital"," Carrinho para fichario","",""
"Capital"," Carrinho para leitura","",""
"Capital"," Carrinho para medicamentos","",""
"Capital"," Carrinho para pasta suspensa","",""
"Capital"," Carrinho para supermercado","",""
"Capital"," Carrinho para transporte","",""
"Capital"," Carrinho para transporte de livros","",""
"Capital"," Carrinho para transporte de materiais","",""
"Capital"," Carrinho para urna funeraria","",""
"Capital"," Carro auxiliar","",""
"Capital"," Carro bandeja","",""
"Capital"," Carro caixa","",""
"Capital"," Carro de alimento","",""
"Capital"," Carro de emergencia","",""
"Capital"," Carro de lixo","",""
"Capital"," Carro elevador","",""
"Capital"," Carro escada","",""
"Capital"," Carro funcional","",""
"Capital"," Carro funebre","",""
"Capital"," Carro infantil","",""
"Capital"," Carro maca","",""
"Capital"," Carro para cha","",""
"Capital"," Carro para cilindros","",""
"Capital"," Carro para curativo","",""
"Capital"," Carro para deficiente","",""
"Capital"," Carro para fita de arquear","",""
"Capital"," Carro para lavadora de alta pressao","",""
"Capital"," Carro para limpeza","",""
"Capital"," Carro para marmitas","",""
"Capital"," Carro para medicamentos","",""
"Capital"," Carro para paletes","",""
"Capital"," Carro para pasta suspensa","",""
"Capital"," Carro para recem nascido","",""
"Capital"," Carro para roupa","",""
"Capital"," Carro para transporte","",""
"Capital"," Carro para transporte de alimentos","",""
"Capital"," Carro para transporte de roupa","",""
"Capital"," Carro para transporte de urna mortuaria","",""
"Capital"," Carro para transportes de livros","",""
"Capital"," Carro plataforma","",""
"Capital"," Carroceria","",""
"Capital"," Carroceria bau","",""
"Capital"," Carroceria de madeira","",""
"Capital"," Carrossel","",""
"Capital"," Carrossel para slides","",""
"Capital"," Carteira","",""
"Capital"," Carteira escolar","",""
"Capital"," Carteira infantil","",""
"Capital"," Carteira universitaria","",""
"Capital"," Casa de boneca","",""
"Capital"," Casador de impedancia","",""
"Capital"," Case para cd player dj","",""
"Capital"," Case para contrabaixo","",""
"Capital"," Case para guitarra","",""
"Capital"," Case para mesa de som","",""
"Capital"," Case para perifericos","",""
"Capital"," Case para teclado","",""
"Capital"," Case para timpano","",""
"Capital"," Casinha","",""
"Capital"," Casinha infantil","",""
"Capital"," Castical","",""
"Capital"," Catraca","",""
"Capital"," Catraca para tubos de ferro","",""
"Capital"," Cavalete","",""
"Capital"," Cavalete de apoio","",""
"Capital"," Cavalete de madeira","",""
"Capital"," Cavalete para blocao","",""
"Capital"," Cavalete para cartazes","",""
"Capital"," Cavalete para costura","",""
"Capital"," Cavalete para desenho","",""
"Capital"," Cavalete para flanelografo","",""
"Capital"," Cavalete para flip chart","",""
"Capital"," Cavalete para imantografos","",""
"Capital"," Cavalete para pintura","",""
"Capital"," Cavalete para prancheta","",""
"Capital"," Cavalete para tear","",""
"Capital"," Cavalete para urna funeraria","",""
"Capital"," Cavalo com alcas","",""
"Capital"," Cavalo de pau","",""
"Capital"," Cavalo olimpico","",""
"Capital"," Cavalo para salto","",""
"Capital"," Cavalo thunder","",""
"Capital"," Cavaquinho","",""
"Capital"," Cd player","",""
"Capital"," Cd player para dj","",""
"Capital"," Cenario para fantoches","",""
"Capital"," Central de gases medicinais","",""
"Capital"," Central de monitoramento","",""
"Capital"," Central de monitorizacao fisiologica","",""
"Capital"," Central de monitorizacao multiparametrico","",""
"Capital"," Central p/interfones","",""
"Capital"," Central para mesa de iluminacao","",""
"Capital"," Central telefonica","",""
"Capital"," Central telefonica ks","",""
"Capital"," Central telefonica pabx","",""
"Capital"," Centrifuga","",""
"Capital"," Centrifuga sorologica","",""
"Capital"," Centrifugador","",""
"Capital"," Centrifugador de frutas","",""
"Capital"," Centrifugador microhematocrito","",""
"Capital"," Centrifugadora","",""
"Capital"," Centrifugadora de roupas","",""
"Capital"," Centrimicro para microhematocrito","",""
"Capital"," Ceratometro","",""
"Capital"," Cestao","",""
"Capital"," Cesto alto","",""
"Capital"," Cesto de inspecao","",""
"Capital"," Chancela","",""
"Capital"," Chapa bifeteira","",""
"Capital"," Chapeira para cartao de ponto","",""
"Capital"," Chassis de trolete","",""
"Capital"," Chave de impacto","",""
"Capital"," Chaveador eletronico","",""
"Capital"," Chaveiro de madeira","",""
"Capital"," Chiqueirinho","",""
"Capital"," Cilindro com suporte","",""
"Capital"," Cilindro ou botijão para gás de cozinha","",""
"Capital"," Cilindro para massa","",""
"Capital"," Cilindro para mergulho","",""
"Capital"," Cintel","",""
"Capital"," Circulador de ar","",""
"Capital"," Circulador de ar e aquecedor","",""
"Capital"," Clarinete","",""
"Capital"," Climatizador de ar","",""
"Capital"," Clinometro","",""
"Capital"," Clorimetro dpd","",""
"Capital"," Coagulometro","",""
"Capital"," Cofre","",""
"Capital"," Coifa","",""
"Capital"," Coladeira de filme","",""
"Capital"," Coletor compactador","",""
"Capital"," Coletor de dados","",""
"Capital"," Coletor de dados para gps","",""
"Capital"," Coletor de lixo","",""
"Capital"," Coletor de oleo","",""
"Capital"," Coletor de roupa hamper","",""
"Capital"," Colocador de ilhoes","",""
"Capital"," Colocadora de espirais","",""
"Capital"," Colposcopio","",""
"Capital"," Colpovirgoscopio","",""
"Capital"," Coluna de madeira","",""
"Capital"," Coluna pantografica","",""
"Capital"," Coluna para aparelho oftalmologico","",""
"Capital"," Coluna para raio x","",""
"Capital"," Coluna para refrator","",""
"Capital"," Comando de graxa para abastecimento","",""
"Capital"," Comoda","",""
"Capital"," Compact disc","",""
"Capital"," Comparador colorimetro","",""
"Capital"," Compressor de ar","",""
"Capital"," Compressor de audio","",""
"Capital"," Compressor de voz","",""
"Capital"," Compressor limitador de audio","",""
"Capital"," Compressor multicom","",""
"Capital"," Compressor odontologico","",""
"Capital"," Compressor radial","",""
"Capital"," Comutador para micro e impressora","",""
"Capital"," Condensador remoto para ar condicionado","",""
"Capital"," Conj.completo p/abastecimento de oleo diesel","",""
"Capital"," Conjunto autonomo","",""
"Capital"," Conjunto de lixeiras","",""
"Capital"," Conjunto de longarinas","",""
"Capital"," Conjunto de mesa","",""
"Capital"," Conjunto de percussao","",""
"Capital"," Conjunto de preparacao de ar","",""
"Capital"," Conjunto de regulador para mergulho","",""
"Capital"," Conjunto de retinoscopio e oftalmoscopio","",""
"Capital"," Conjunto de sinalizacao acustico visual","",""
"Capital"," Conjunto de sinalzacao","",""
"Capital"," Conjunto de solda","",""
"Capital"," Conjunto de solda a oxiacetileno","",""
"Capital"," Conjunto diesel para solda eletrica","",""
"Capital"," Conjunto lubrefil","",""
"Capital"," Conjunto olimpico","",""
"Capital"," Conjunto para salto em altura","",""
"Capital"," Console de audio","",""
"Capital"," Console para central de operacoes","",""
"Capital"," Consolete de comando remoto","",""
"Capital"," Contador de celulas","",""
"Capital"," Container","",""
"Capital"," Contra angulo","",""
"Capital"," Contra baixo","",""
"Capital"," Controlador","",""
"Capital"," Controlador de acesso","",""
"Capital"," Controlador de cameras","",""
"Capital"," Controlador de ganho","",""
"Capital"," Controlador de semaforo","",""
"Capital"," Controlador de slide","",""
"Capital"," Controle automatico de tempo","",""
"Capital"," Conversor de energia","",""
"Capital"," Conversor de midia","",""
"Capital"," Conversor de solda","",""
"Capital"," Conversor de video digital","",""
"Capital"," Conversor otico","",""
"Capital"," Conversor sincrono","",""
"Capital"," Coordenatografo","",""
"Capital"," Copiadora","",""
"Capital"," Copiadora compacta","",""
"Capital"," Corneta","",""
"Capital"," Corneta de som","",""
"Capital"," Corneta em fa","",""
"Capital"," Corneta em sib","",""
"Capital"," Cornetao","",""
"Capital"," Cornetas difusora","",""
"Capital"," Cornetin","",""
"Capital"," Cortadeira de papel","",""
"Capital"," Cortadeira eletrica","",""
"Capital"," Cortadeira manual","",""
"Capital"," Cortador de amostras","",""
"Capital"," Cortador de chapa","",""
"Capital"," Cortador de ferro","",""
"Capital"," Cortador de frios","",""
"Capital"," Cortador de grama","",""
"Capital"," Cortador de legumes","",""
"Capital"," Cortador de piso","",""
"Capital"," Cortadora de tecidos","",""
"Capital"," Costotomo","",""
"Capital"," Criado mudo","",""
"Capital"," Criocauterio ginecologico","",""
"Capital"," Cristaleira","",""
"Capital"," Cronometro","",""
"Capital"," Crossover","",""
"Capital"," Crucifixo","",""
"Capital"," Cuica","",""
"Capital"," Cultivador motorizado","",""
"Capital"," Curvador","",""
"Capital"," Curvimetro","",""
"Capital"," Dardo","",""
"Capital"," Decibelimetro","",""
"Capital"," Deck de rolo","",""
"Capital"," Decodificador","",""
"Capital"," Decodificador de codigo de barra","",""
"Capital"," Deionizador","",""
"Capital"," Delay","",""
"Capital"," Densitometro","",""
"Capital"," Depurador de ar","",""
"Capital"," Desempenadeira","",""
"Capital"," Desengrossadeira","",""
"Capital"," Desentupidor de esgoto","",""
"Capital"," Desenvolvimento de ombros","",""
"Capital"," Desfibrilador","",""
"Capital"," Desgravador e renovador de fita magnetica k7","",""
"Capital"," Desintegrador","",""
"Capital"," Desmontadora hidraulica de pneus","",""
"Capital"," Destilador de agua","",""
"Capital"," Desumidificador de ar","",""
"Capital"," Desumidificador de papel","",""
"Capital"," Detector de batimento cardiaco fetal","",""
"Capital"," Detector de metais","",""
"Capital"," Detector de tubulacoes","",""
"Capital"," Detector de vazamento","",""
"Capital"," Detector de veiculos","",""
"Capital"," Detector fetal","",""
"Capital"," Dialer p/chamadas telefonicas automaticas","",""
"Capital"," Digital delay","",""
"Capital"," Digitalizador","",""
"Capital"," Digitalizadora de microfilme","",""
"Capital"," Diluidor","",""
"Capital"," Dinamometro","",""
"Capital"," Dinamometro dorsal","",""
"Capital"," Direct box","",""
"Capital"," Disc laser","",""
"Capital"," Discman","",""
"Capital"," Disk array","",""
"Capital"," Dispensette digital","",""
"Capital"," Display expositor","",""
"Capital"," Dispositivo hidraulico","",""
"Capital"," Distanciometro","",""
"Capital"," Distribuidor de audio","",""
"Capital"," Distribuidor de sinal","",""
"Capital"," Ditafone","",""
"Capital"," Diva","",""
"Capital"," Diva ginecologico","",""
"Capital"," Dobradeira de papel","",""
"Capital"," Doppler vascular","",""
"Capital"," Dosador de nivel constante","",""
"Capital"," Driver de compressao","",""
"Capital"," Duplicador de cd","",""
"Capital"," Duplicador de quad","",""
"Capital"," Duplicador digital","",""
"Capital"," Dvd player com karaoke","",""
"Capital"," Dvd player e video cassete","",""
"Capital"," Eletro neuromiografo","",""
"Capital"," Eletrocardiografo","",""
"Capital"," Eletrocauterio","",""
"Capital"," Eletroencefalograma","",""
"Capital"," Eletroestimulador","",""
"Capital"," Eletroestimulador diadinamico","",""
"Capital"," Eletrola","",""
"Capital"," Eletrola portatil","",""
"Capital"," Eletronistagmografo","",""
"Capital"," Elevador de canecas","",""
"Capital"," Elevador de veiculos","",""
"Capital"," Eliminador de microfonia","",""
"Capital"," Embaladeira","",""
"Capital"," Embalador de guarda-chuvas molhados","",""
"Capital"," Emissor de senha","",""
"Capital"," Empilhadeira","",""
"Capital"," Encadernadora","",""
"Capital"," Enceradeira","",""
"Capital"," Endoscopio","",""
"Capital"," Engraxadeira","",""
"Capital"," Enroladeira de filmes","",""
"Capital"," Episcopio","",""
"Capital"," Equalizador","",""
"Capital"," Equalizador de som","",""
"Capital"," Equalizador grafico","",""
"Capital"," Equipamento de teste de injetor e motor de passo","",""
"Capital"," Equipamento dieselimpo","",""
"Capital"," Equipamento para jateamento","",""
"Capital"," Equipamento para limpeza e teste de injetores","",""
"Capital"," Equipo odontologico","",""
"Capital"," Escada","",""
"Capital"," Escada de aluminio","",""
"Capital"," Escada de canto","",""
"Capital"," Escada de madeira","",""
"Capital"," Escada extensivel","",""
"Capital"," Escada para diva","",""
"Capital"," Escada para fisioterapia","",""
"Capital"," Escaleta","",""
"Capital"," Escaninho","",""
"Capital"," Escaninho de madeira","",""
"Capital"," Esclerometro","",""
"Capital"," Escorregador","",""
"Capital"," Escrivaninha","",""
"Capital"," Escrivaninha de aco","",""
"Capital"," Escrivaninha de madeira","",""
"Capital"," Esfectropometro","",""
"Capital"," Esfigmomanometro","",""
"Capital"," Esguicho canhao","",""
"Capital"," Esmaltadeira","",""
"Capital"," Esmeril","",""
"Capital"," Esmeril de bancada","",""
"Capital"," Esmerilhadeira","",""
"Capital"," Esmerilhadeira angular","",""
"Capital"," Espaldar de madeira","",""
"Capital"," Espectrofotometro","",""
"Capital"," Espelho","",""
"Capital"," Espingarda","",""
"Capital"," Espirometro","",""
"Capital"," Espremedor","",""
"Capital"," Espremedor de frutas","",""
"Capital"," Espremedor de legumes","",""
"Capital"," Espremedor de sucos","",""
"Capital"," Esquadrejadeira","",""
"Capital"," Esqui","",""
"Capital"," Estabiliazdor de voltagem","",""
"Capital"," Estacao de musculacao","",""
"Capital"," Estacao de solda","",""
"Capital"," Estacao de trabalho","",""
"Capital"," Estacao fixa","",""
"Capital"," Estacao repetidora","",""
"Capital"," Estacao total","",""
"Capital"," Estadiometro","",""
"Capital"," Estante para partitura","",""
"Capital"," Estante sinfonica","",""
"Capital"," Estativa para raio x","",""
"Capital"," Esteira","",""
"Capital"," Esteira eletrica","",""
"Capital"," Esteira ergometrica","",""
"Capital"," Estereomicroscopio","",""
"Capital"," Estereoscopio","",""
"Capital"," Esterilizador de ar","",""
"Capital"," Esterilizador de mamadeira","",""
"Capital"," Esterilizador de xicaras","",""
"Capital"," Estetoscopio","",""
"Capital"," Esticador e encolhedor universal","",""
"Capital"," Esticador hidraulico","",""
"Capital"," Estimulador calorico","",""
"Capital"," Estimulador de musculo","",""
"Capital"," Estimulador optocinetico","",""
"Capital"," Estimulador visual","",""
"Capital"," Estojo de curvas","",""
"Capital"," Estojo de desenho","",""
"Capital"," Estrado de madeira","",""
"Capital"," Estufa para alimentos","",""
"Capital"," Estufa para placas filtrantes","",""
"Capital"," Estufa para ressecagem","",""
"Capital"," Estufa para secagem de filme","",""
"Capital"," Esvrivaninha","",""
"Capital"," Etiquetador","",""
"Capital"," Etiquetadora","",""
"Capital"," Exaustor","",""
"Capital"," Exaustor para camara escura","",""
"Capital"," Exercitador de tornozelo","",""
"Capital"," Expansor hidraulico","",""
"Capital"," Expositor de folders","",""
"Capital"," Expositor giratorio","",""
"Capital"," Extintor de incendio","",""
"Capital"," Extrator de suco","",""
"Capital"," Faca eletrica","",""
"Capital"," Fagoto em do","",""
"Capital"," Feeder seat","",""
"Capital"," Ferro de engomar","",""
"Capital"," Ferro de passar roupa","",""
"Capital"," Fesvif","",""
"Capital"," Fichario de aco","",""
"Capital"," Fichario de acrilico","",""
"Capital"," Fichario de madeira","",""
"Capital"," Filmadora","",""
"Capital"," Filtro de agua","",""
"Capital"," Filtro para piscina","",""
"Capital"," Filtro prensa","",""
"Capital"," Filtro regulador de ar","",""
"Capital"," Finca pinos","",""
"Capital"," Flanelografo","",""
"Capital"," Flash","",""
"Capital"," Flauta","",""
"Capital"," Flautin","",""
"Capital"," Flip chart","",""
"Capital"," Floreira modulavel","",""
"Capital"," Flugel horn","",""
"Capital"," Fluxometro","",""
"Capital"," Foco cirurgico","",""
"Capital"," Fogao domiciliar","",""
"Capital"," Fogao industrial","",""
"Capital"," Fogareiro","",""
"Capital"," Fone de cabeca","",""
"Capital"," Fonte conversor","",""
"Capital"," Fonte de alimentacao","",""
"Capital"," Fonte estabilizadora","",""
"Capital"," Forno","",""
"Capital"," Forno de bier","",""
"Capital"," Forno de microondas","",""
"Capital"," Forno eletrico","",""
"Capital"," Forno eletrico para ceramica","",""
"Capital"," Forrador de botao","",""
"Capital"," Fotocopiadora","",""
"Capital"," Fotoestimulador","",""
"Capital"," Fotoforo","",""
"Capital"," Fotometro","",""
"Capital"," Fotopolimerizador odontologico","",""
"Capital"," Fragmentadora de papeis","",""
"Capital"," Franqueadora de correspondencia","",""
"Capital"," Freezer","",""
"Capital"," Frequencimetro","",""
"Capital"," Fresadora","",""
"Capital"," Fritadeira","",""
"Capital"," Furadeira","",""
"Capital"," Furadeira de pedestal","",""
"Capital"," Furadeira de tecido","",""
"Capital"," Furador de azulejos","",""
"Capital"," Furgao de aluminio","",""
"Capital"," Gabarito","",""
"Capital"," Gabinete acustico","",""
"Capital"," Gabinete de pia","",""
"Capital"," Gabinete kardex","",""
"Capital"," Gaiola labirinto","",""
"Capital"," Gaita","",""
"Capital"," Gangorra","",""
"Capital"," Ganza","",""
"Capital"," Gastroscopio","",""
"Capital"," Gaveta de aco inoxidavel","",""
"Capital"," Gaveteiro","",""
"Capital"," Gaveteiro de aco","",""
"Capital"," Gaveteiro de madeira","",""
"Capital"," Gaveteiro volante","",""
"Capital"," Geofone","",""
"Capital"," Gerador de acetileno","",""
"Capital"," Gerador de efeitos especiais para video","",""
"Capital"," Gerador de forca","",""
"Capital"," Gerador de ozona","",""
"Capital"," Gerador de ozonio","",""
"Capital"," Gerador de ruidos","",""
"Capital"," Gerador de solda","",""
"Capital"," Gerador eletrico","",""
"Capital"," Gerador para raio x","",""
"Capital"," Gira gira","",""
"Capital"," Giraplay","",""
"Capital"," Globo de bingo","",""
"Capital"," Glokenspiel","",""
"Capital"," Gondola","",""
"Capital"," Gongo","",""
"Capital"," Gps","",""
"Capital"," Grampeador","",""
"Capital"," Grampeadora","",""
"Capital"," Gravador cassete","",""
"Capital"," Gravador de audio","",""
"Capital"," Gravador de cd","",""
"Capital"," Gravador de dvd","",""
"Capital"," Gravador de dvd e cd","",""
"Capital"," Gravador de fita cassete","",""
"Capital"," Gravador de fita magnetica","",""
"Capital"," Gravador de rolo","",""
"Capital"," Gravador de som","",""
"Capital"," Gravador de video","",""
"Capital"," Gravador e reprodutor de mini disc","",""
"Capital"," Gravadora de cd","",""
"Capital"," Gravadora de estencil","",""
"Capital"," Grupo gerador","",""
"Capital"," Guara-roupa de aco","",""
"Capital"," Guarda roupa","",""
"Capital"," Guarda roupa de aco","",""
"Capital"," Guarda roupa de madeira","",""
"Capital"," Guarda rouppa de aco","",""
"Capital"," Guarda tudo","",""
"Capital"," Guarda volumes","",""
"Capital"," Guarita","",""
"Capital"," Guarita de fibra de vidro","",""
"Capital"," Guilhotina","",""
"Capital"," Guincho","",""
"Capital"," Guindaste","",""
"Capital"," Guitarra","",""
"Capital"," Gyrotec","",""
"Capital"," Hamper","",""
"Capital"," Handie talkie","",""
"Capital"," Handie-talkie-fm-220","",""
"Capital"," Hidrolavadora universal","",""
"Capital"," Histerometro","",""
"Capital"," Home theater","",""
"Capital"," Homogeneizador de sangue","",""
"Capital"," Horodatador","",""
"Capital"," Hub","",""
"Capital"," Identificador radiografico","",""
"Capital"," Iluminador de led","",""
"Capital"," Imitanciometro","",""
"Capital"," Impedanciometro","",""
"Capital"," Impressora","",""
"Capital"," Impressora braille","",""
"Capital"," Impressora plotter","",""
"Capital"," Impressora termica","",""
"Capital"," Inalador","",""
"Capital"," Inclusor a vacuo","",""
"Capital"," Incubador biologico","",""
"Capital"," Incubadora","",""
"Capital"," Intercomunicador","",""
"Capital"," Interfone","",""
"Capital"," Inversor","",""
"Capital"," Inversor de frequencia","",""
"Capital"," Inversor de polos","",""
"Capital"," Inversor de tensao","",""
"Capital"," Jet ski","",""
"Capital"," Jogo de compasso","",""
"Capital"," Jogo de coordenatografo polar","",""
"Capital"," Jogo de curvas","",""
"Capital"," Jogo de estofado","",""
"Capital"," Jogo de reguas de curvas","",""
"Capital"," Kardex","",""
"Capital"," Kardex de aco","",""
"Capital"," Kit visodisc","",""
"Capital"," Laminadora","",""
"Capital"," Lampada de fenda","",""
"Capital"," Lampada de ponto","",""
"Capital"," Lampada de ponto digital","",""
"Capital"," Lanca","",""
"Capital"," Lancha","",""
"Capital"," Laptop","",""
"Capital"," Laringoscopio","",""
"Capital"," Lavadora de alta pressao","",""
"Capital"," Lavadora de instrumentos cirurgico","",""
"Capital"," Lavadora de pecas","",""
"Capital"," Lavadora de pisos","",""
"Capital"," Lavatorio de cabelereiro","",""
"Capital"," Leg press","",""
"Capital"," Leitor de codigo de barras","",""
"Capital"," Leitor de microficha","",""
"Capital"," Leitor de microfilme","",""
"Capital"," Leitor optico","",""
"Capital"," Lensometro","",""
"Capital"," Limpadora de fita","",""
"Capital"," Line force","",""
"Capital"," Liquidificador","",""
"Capital"," Lira musical","",""
"Capital"," Lixadeira","",""
"Capital"," Lixadeira automatica de rolo","",""
"Capital"," Lixadeira orbital","",""
"Capital"," Localizador de metal","",""
"Capital"," Lona para circo","",""
"Capital"," Longarina","",""
"Capital"," Longarina para auditorio","",""
"Capital"," Lousa","",""
"Capital"," Luneta","",""
"Capital"," Lupa eletronica","",""
"Capital"," Luximetro","",""
"Capital"," Maca","",""
"Capital"," Macaco hidraulico","",""
"Capital"," Macarico","",""
"Capital"," Mala","",""
"Capital"," Mala de aluminio","",""
"Capital"," Mala para projetor de slides","",""
"Capital"," Mala para transporte de camera de televisao","",""
"Capital"," Mala para transporte de camera de video","",""
"Capital"," Mala para video cassete","",""
"Capital"," Maleta","",""
"Capital"," Maleta para transmissao de microfone","",""
"Capital"," Maleta para transporte","",""
"Capital"," Mancebo","",""
"Capital"," Manequim","",""
"Capital"," Manequim c/ pedestal de madeira","",""
"Capital"," Manequin de madeira","",""
"Capital"," Manometro","",""
"Capital"," Manometro de mercurio","",""
"Capital"," Manometro digital","",""
"Capital"," Manometro indicador","",""
"Capital"," Manometro seco","",""
"Capital"," Mapoteca","",""
"Capital"," Mapoteca de aco","",""
"Capital"," Mapoteca de madeira","",""
"Capital"," Maq. De franquear correspondencia","",""
"Capital"," Maquima fotografica","",""
"Capital"," Maquina chimbau","",""
"Capital"," Maquina de acabamento de cabelo","",""
"Capital"," Maquina de algodao doce","",""
"Capital"," Maquina de arquear molas","",""
"Capital"," Maquina de assinar","",""
"Capital"," Maquina de back lapping","",""
"Capital"," Maquina de bordar","",""
"Capital"," Maquina de consertar camaras de ar","",""
"Capital"," Maquina de contabilidade","",""
"Capital"," Maquina de cortar azulejo","",""
"Capital"," Maquina de cortar cabelo","",""
"Capital"," Maquina de cortar ferro","",""
"Capital"," Maquina de cortar frios","",""
"Capital"," Maquina de cortar garrafas","",""
"Capital"," Maquina de cortar isopor","",""
"Capital"," Maquina de cortar pedra","",""
"Capital"," Maquina de cortar pelicula refletiva","",""
"Capital"," Maquina de cortar tecido","",""
"Capital"," Maquina de costura","",""
"Capital"," Maquina de desmontar pneu","",""
"Capital"," Maquina de escerar","",""
"Capital"," Maquina de escrever","",""
"Capital"," Maquina de escrever eletrica","",""
"Capital"," Maquina de escrever eletronica","",""
"Capital"," Maquina de escrever em braille","",""
"Capital"," Maquina de escrever mecanica","",""
"Capital"," Maquina de estampar","",""
"Capital"," Maquina de fabricar blocos","",""
"Capital"," Maquina de fabricar lajotas","",""
"Capital"," Maquina de fazer fralda","",""
"Capital"," Maquina de fixar ilhos","",""
"Capital"," Maquina de forrar botoes","",""
"Capital"," Maquina de fumaca","",""
"Capital"," Maquina de furar e rosquear","",""
"Capital"," Maquina de furar rede em carga","",""
"Capital"," Maquina de gelo","",""
"Capital"," Maquina de imprimir em alto relevo","",""
"Capital"," Maquina de lavar louca","",""
"Capital"," Maquina de lavar pecas","",""
"Capital"," Maquina de lavar roupas","",""
"Capital"," Maquina de raspar tacos c/ motor monofasico","",""
"Capital"," Maquina de solda","",""
"Capital"," Maquina de solda e corte","",""
"Capital"," Maquina de trico","",""
"Capital"," Maquina de xerox","",""
"Capital"," Maquina desobstruidora de esgotos","",""
"Capital"," Maquina fotografica","",""
"Capital"," Maquina heliografica","",""
"Capital"," Maquina impressora","",""
"Capital"," Maquina impressora manual","",""
"Capital"," Maquina impressora off-set","",""
"Capital"," Maquina melheteira","",""
"Capital"," Maquina p/fabricar blocos de concreto","",""
"Capital"," Maquina para arquear","",""
"Capital"," Maquina para bordar","",""
"Capital"," Maquina para cartao magnetico","",""
"Capital"," Maquina para confeccionar sacos","",""
"Capital"," Maquina para desmontar pneu","",""
"Capital"," Maquina para embalagem","",""
"Capital"," Maquina para empatar mangueiras","",""
"Capital"," Maquina para gravacao","",""
"Capital"," Maquina para gravacao de livros","",""
"Capital"," Maquina para imprimir em alto relevo","",""
"Capital"," Maquina para personalizar","",""
"Capital"," Maquina para projecao de plantas","",""
"Capital"," Maquina para trabalhar marmore e granito","",""
"Capital"," Maquina plastificadora eletrica","",""
"Capital"," Maquina redutora","",""
"Capital"," Maquina registradora","",""
"Capital"," Maquina respigadeira","",""
"Capital"," Marcador de faltas","",""
"Capital"," Marginador de papel","",""
"Capital"," Martelete","",""
"Capital"," Martelete perfurador","",""
"Capital"," Martelo de perfuracao","",""
"Capital"," Martelo demolidor","",""
"Capital"," Martelo para reflexo","",""
"Capital"," Martelo perfurador","",""
"Capital"," Martelo rompedor","",""
"Capital"," Mascara autonoma","",""
"Capital"," Mascara facial","",""
"Capital"," Mastro para bandeira","",""
"Capital"," Mastros para rede de voley","",""
"Capital"," Medidor de altura","",""
"Capital"," Medidor de campo","",""
"Capital"," Medidor de compressao","",""
"Capital"," Medidor de condutividade","",""
"Capital"," Medidor de diametro","",""
"Capital"," Medidor de espessura","",""
"Capital"," Medidor de glicose","",""
"Capital"," Medidor de nivel de som","",""
"Capital"," Medidor de ph","",""
"Capital"," Medidor de pressao","",""
"Capital"," Medidor de resistencia de terra","",""
"Capital"," Medidor de tensao de correia","",""
"Capital"," Medidor de vibracao","",""
"Capital"," Medidor de voltagem","",""
"Capital"," Medidor fotocolorimetrico","",""
"Capital"," Megafone","",""
"Capital"," Megatoscopio de mesa","",""
"Capital"," Megometro","",""
"Capital"," Melofone","",""
"Capital"," Mesa","",""
"Capital"," Mesa aero hockey","",""
"Capital"," Mesa antropometrica","",""
"Capital"," Mesa articulavel","",""
"Capital"," Mesa auxiliar hospitalar","",""
"Capital"," Mesa central infantil","",""
"Capital"," Mesa cilindrica","",""
"Capital"," Mesa cirurgica","",""
"Capital"," Mesa controladora","",""
"Capital"," Mesa de aco","",""
"Capital"," Mesa de apoio","",""
"Capital"," Mesa de atendimento","",""
"Capital"," Mesa de bilhar","",""
"Capital"," Mesa de cabeceira","",""
"Capital"," Mesa de canto","",""
"Capital"," Mesa de centro","",""
"Capital"," Mesa de comando","",""
"Capital"," Mesa de comando de raio x","",""
"Capital"," Mesa de controle","",""
"Capital"," Mesa de exame","",""
"Capital"," Mesa de fibra de vidro","",""
"Capital"," Mesa de formica","",""
"Capital"," Mesa de higienizacao","",""
"Capital"," Mesa de iluminacao","",""
"Capital"," Mesa de luz","",""
"Capital"," Mesa de madeira","",""
"Capital"," Mesa de madeira infantil adaptada","",""
"Capital"," Mesa de manicuri","",""
"Capital"," Mesa de mayo","",""
"Capital"," Mesa de merenda","",""
"Capital"," Mesa de mixagem","",""
"Capital"," Mesa de passar roupa","",""
"Capital"," Mesa de pebolim","",""
"Capital"," Mesa de ping pong","",""
"Capital"," Mesa de reanimacao de recem nascidos","",""
"Capital"," Mesa de reproducao","",""
"Capital"," Mesa de som","",""
"Capital"," Mesa de tamancobol","",""
"Capital"," Mesa de trabalho","",""
"Capital"," Mesa de xadres","",""
"Capital"," Mesa digitalizadora","",""
"Capital"," Mesa diva","",""
"Capital"," Mesa elastica","",""
"Capital"," Mesa empilhavel","",""
"Capital"," Mesa ergonomica","",""
"Capital"," Mesa escolar","",""
"Capital"," Mesa escolar especial","",""
"Capital"," Mesa executiva","",""
"Capital"," Mesa expositora","",""
"Capital"," Mesa ginecologica","",""
"Capital"," Mesa infantil","",""
"Capital"," Mesa lateral","",""
"Capital"," Mesa mixadora","",""
"Capital"," Mesa obstetrica","",""
"Capital"," Mesa operadora","",""
"Capital"," Mesa ortopedica","",""
"Capital"," Mesa para cafe","",""
"Capital"," Mesa para copa","",""
"Capital"," Mesa para costura","",""
"Capital"," Mesa para desenho","",""
"Capital"," Mesa para exame clinico","",""
"Capital"," Mesa para fisioterapia","",""
"Capital"," Mesa para futebol de botao","",""
"Capital"," Mesa para impressora","",""
"Capital"," Mesa para maquina de escrever","",""
"Capital"," Mesa para microcomputador","",""
"Capital"," Mesa para microcomputador e impressora","",""
"Capital"," Mesa para microfilmadora","",""
"Capital"," Mesa para mimeografo","",""
"Capital"," Mesa para necropsia","",""
"Capital"," Mesa para pantografo","",""
"Capital"," Mesa para posto de trabalho","",""
"Capital"," Mesa para professor","",""
"Capital"," Mesa para projecao","",""
"Capital"," Mesa para raio x","",""
"Capital"," Mesa para recepcao","",""
"Capital"," Mesa para refeicao","",""
"Capital"," Mesa para refeitorio","",""
"Capital"," Mesa para reuniao","",""
"Capital"," Mesa para silk screen","",""
"Capital"," Mesa para telefone","",""
"Capital"," Mesa para televisao e video","",""
"Capital"," Mesa para terminal de teleprocessamento","",""
"Capital"," Mesa para trabalho","",""
"Capital"," Mesa para tv","",""
"Capital"," Mesa para video e projetor","",""
"Capital"," Mesa peninsular","",""
"Capital"," Mesa plastica","",""
"Capital"," Mesa plenario","",""
"Capital"," Mesa rotativa para impressao","",""
"Capital"," Mesa trapezoidal","",""
"Capital"," Mesa universitaria de madeira","",""
"Capital"," Metalofone","",""
"Capital"," Meteorografo","",""
"Capital"," Metronomo","",""
"Capital"," Micro camera","",""
"Capital"," Micro esterilizador","",""
"Capital"," Micro ressuscitador","",""
"Capital"," Micro trator","",""
"Capital"," Microcomputador","",""
"Capital"," Microfilmadora","",""
"Capital"," Microfone","",""
"Capital"," Microfone de lapela","",""
"Capital"," Microfone de transmissao para transceptor fixo","",""
"Capital"," Microfone sem fio","",""
"Capital"," Microscopio","",""
"Capital"," Microsystem","",""
"Capital"," Microverb 4","",""
"Capital"," Mimeografo","",""
"Capital"," Mini bloqueio","",""
"Capital"," Mini bombeiro","",""
"Capital"," Mini bugue","",""
"Capital"," Mini gravador digital","",""
"Capital"," Mini rack","",""
"Capital"," Mini system","",""
"Capital"," Mini trampolin","",""
"Capital"," Minicomputador","",""
"Capital"," Mira direta","",""
"Capital"," Mira invertida de madeira","",""
"Capital"," Misturador de microfones","",""
"Capital"," Misturador de som","",""
"Capital"," Misturador forcado para argamasssa","",""
"Capital"," Mixer","",""
"Capital"," Modem","",""
"Capital"," Modulo de potencia","",""
"Capital"," Moedor de carne","",""
"Capital"," Moldura com espelho","",""
"Capital"," Monitor cardiaco","",""
"Capital"," Monitor de audio e video","",""
"Capital"," Monitor de circuito interno de tv","",""
"Capital"," Monitor de frequencia cardiaca","",""
"Capital"," Monitor de glicemia","",""
"Capital"," Monitor de linhas","",""
"Capital"," Monitor de ventilacao","",""
"Capital"," Monitor de video","",""
"Capital"," Monitor de video para camera de televisao","",""
"Capital"," Monitor fetal","",""
"Capital"," Monitor multiparametrico","",""
"Capital"," Monitor para camera de seguranca","",""
"Capital"," Monitor para microcomputador","",""
"Capital"," Monitor para servidor","",""
"Capital"," Monitor para ultra som","",""
"Capital"," Monociclo","",""
"Capital"," Montadora e desmontadora de pneus","",""
"Capital"," Morsa","",""
"Capital"," Moto","",""
"Capital"," Moto esmeril","",""
"Capital"," Motobomba","",""
"Capital"," Motobomba hidraulica","",""
"Capital"," Motocicleta","",""
"Capital"," Motopodadeira","",""
"Capital"," Motor de popa","",""
"Capital"," Motoserra","",""
"Capital"," Mouse","",""
"Capital"," Mp4","",""
"Capital"," Multi exercitador","",""
"Capital"," Multicabo","",""
"Capital"," Multigate","",""
"Capital"," Multimetro","",""
"Capital"," Multiprocessador","",""
"Capital"," Multiprocessador de efeitos de audio","",""
"Capital"," Multitest","",""
"Capital"," Mural","",""
"Capital"," Negatoscopio","",""
"Capital"," Netebook","",""
"Capital"," Nivel","",""
"Capital"," Nobelfone","",""
"Capital"," Nobreak","",""
"Capital"," Normografo","",""
"Capital"," Notebook","",""
"Capital"," Numerador automatico","",""
"Capital"," Numerador para marcar baterias e pneus","",""
"Capital"," Numerador para marcar pneus","",""
"Capital"," Objetiva","",""
"Capital"," Oboe","",""
"Capital"," Obra de arte","",""
"Capital"," Oftalmometro","",""
"Capital"," Oftalmoscopio","",""
"Capital"," Oftalmoscopio de coluna","",""
"Capital"," Oleo s/duratex circular","",""
"Capital"," Oleo s/tela","",""
"Capital"," Oratorio","",""
"Capital"," Osciloscopio","",""
"Capital"," Oto oftalmoscopio","",""
"Capital"," Otocalorimetro","",""
"Capital"," Otoscopio","",""
"Capital"," Oximetro","",""
"Capital"," Oxitenda","",""
"Capital"," Painel confeccionado em duratex e madeira","",""
"Capital"," Painel de aco","",""
"Capital"," Painel de eucatex c/moldura de madeira","",""
"Capital"," Painel de madeira","",""
"Capital"," Painel de mensagem","",""
"Capital"," Painel de parede","",""
"Capital"," Painel de processamento","",""
"Capital"," Painel eletronico","",""
"Capital"," Painel expositor","",""
"Capital"," Painel fotografico","",""
"Capital"," Painel para exposicao","",""
"Capital"," Painel para uti","",""
"Capital"," Palco","",""
"Capital"," Palete de madeira","",""
"Capital"," Palm top","",""
"Capital"," Palvilhadeira","",""
"Capital"," Pandeiro","",""
"Capital"," Paneleiro","",""
"Capital"," Paneleiro de madeira","",""
"Capital"," Panendofibroscopio","",""
"Capital"," Pantografo","",""
"Capital"," Paquimetro","",""
"Capital"," Parafusadeira","",""
"Capital"," Paralela olimpica","",""
"Capital"," Paralela simetrica","",""
"Capital"," Pasteurizador","",""
"Capital"," Pau de fita","",""
"Capital"," Peca reta","",""
"Capital"," Pedal de alta rotacao","",""
"Capital"," Pedaleira para guitarra","",""
"Capital"," Pedestal para bandeira","",""
"Capital"," Pedestal para bongo","",""
"Capital"," Pedestal para conga","",""
"Capital"," Pedestal para microfone","",""
"Capital"," Pedestal para teclado","",""
"Capital"," Pen drive","",""
"Capital"," Peneira vibratoria sel.de pedras","",""
"Capital"," Penteadeira","",""
"Capital"," Perfurador de fio de kirchener","",""
"Capital"," Perfurador de papel","",""
"Capital"," Permutador de lp","",""
"Capital"," Piano","",""
"Capital"," Picador de galhos de arvores","",""
"Capital"," Picador de legumes","",""
"Capital"," Pintura oleo s/duratex","",""
"Capital"," Pintura oleo s/duratex circular","",""
"Capital"," Pintura oleo s/tela","",""
"Capital"," Pintura-acrilico s/tela","",""
"Capital"," Pirografo","",""
"Capital"," Piscina de bolinhas","",""
"Capital"," Pista para carrinho bate bate","",""
"Capital"," Pistao","",""
"Capital"," Pistola","",""
"Capital"," Pistola para lancamento de dardos","",""
"Capital"," Pistola para pintura","",""
"Capital"," Pistola para pulverizar","",""
"Capital"," Pistola para solda","",""
"Capital"," Placa vibratoria","",""
"Capital"," Placar eletronico","",""
"Capital"," Plaina","",""
"Capital"," Planimetro","",""
"Capital"," Plastificadora","",""
"Capital"," Plataforma auto socorro","",""
"Capital"," Plataforma de madeira","",""
"Capital"," Plataforma elevatoria","",""
"Capital"," Plataforma pantografica","",""
"Capital"," Plataforma vibratoria","",""
"Capital"," Playground","",""
"Capital"," Plicometro","",""
"Capital"," Plinto","",""
"Capital"," Plotter","",""
"Capital"," Pluviografo","",""
"Capital"," Pneumotacografo","",""
"Capital"," Polia superior","",""
"Capital"," Policorte","",""
"Capital"," Politriz","",""
"Capital"," Poltrona","",""
"Capital"," Poltrona de madeira","",""
"Capital"," Poltrona escolar individual","",""
"Capital"," Poltrona estofada","",""
"Capital"," Poltrona fixa","",""
"Capital"," Poltrona fixa de madeira","",""
"Capital"," Poltrona fixa estofada","",""
"Capital"," Poltrona fixa hospitalar","",""
"Capital"," Poltrona giratoria","",""
"Capital"," Poltrona individual","",""
"Capital"," Poltrona interlocutor","",""
"Capital"," Poltrona para auditorio","",""
"Capital"," Poltrona para cabeleireiro","",""
"Capital"," Poltrona reclinavel","",""
"Capital"," Poltrona universitaria","",""
"Capital"," Pontecia de som","",""
"Capital"," Pontiadeira","",""
"Capital"," Porta aquario","",""
"Capital"," Porta balanca","",""
"Capital"," Porta balde","",""
"Capital"," Porta banner","",""
"Capital"," Porta cartazes","",""
"Capital"," Porta chapeu","",""
"Capital"," Porta guarda chuvas","",""
"Capital"," Porta joias","",""
"Capital"," Porta jornais","",""
"Capital"," Porta livros","",""
"Capital"," Porta mapas","",""
"Capital"," Porta molde","",""
"Capital"," Porta plantas","",""
"Capital"," Porta revista","",""
"Capital"," Poste para rede de voleibol","",""
"Capital"," Prancha para abdominal","",""
"Capital"," Prancheta para desenho","",""
"Capital"," Prateleira","",""
"Capital"," Prateleira de aco","",""
"Capital"," Prateleira de madeira","",""
"Capital"," Prateleira inclinada","",""
"Capital"," Pre-amplificador","",""
"Capital"," Pre-dolby","",""
"Capital"," Prensa","",""
"Capital"," Prensa de ferro","",""
"Capital"," Prensa de madeira","",""
"Capital"," Prensa hidraulica","",""
"Capital"," Preparador de alimentos","",""
"Capital"," Pressao de pernas","",""
"Capital"," Pressostato","",""
"Capital"," Processador de alimentos","",""
"Capital"," Processador de efeitos","",""
"Capital"," Processador de voz","",""
"Capital"," Processador digital","",""
"Capital"," Processadora automatica para raio x","",""
"Capital"," Processadora de microfilme","",""
"Capital"," Processadora para raio x","",""
"Capital"," Profilax","",""
"Capital"," Programador horario","",""
"Capital"," Projetor de filmes","",""
"Capital"," Projetor de imagens","",""
"Capital"," Projetor de multimidia","",""
"Capital"," Projetor de optotipos","",""
"Capital"," Projetor de slides","",""
"Capital"," Projetor de som","",""
"Capital"," Projetor elipsoidal","",""
"Capital"," Projetor fresnel","",""
"Capital"," Projetor hermetico","",""
"Capital"," Projetor multimidia","",""
"Capital"," Projetor oftalmologico","",""
"Capital"," Pro-mixer","",""
"Capital"," Propulsora de graxa","",""
"Capital"," Propulsora de oleo","",""
"Capital"," Protocolador","",""
"Capital"," Prumo optico","",""
"Capital"," Psofometro","",""
"Capital"," Pulpito","",""
"Capital"," Pulverizador","",""
"Capital"," Pupilometro de reflexo corneano","",""
"Capital"," Purificador de agua","",""
"Capital"," Puxada alta","",""
"Capital"," Quadriplicador de imagens","",""
"Capital"," Quadro branco","",""
"Capital"," Quadro com mapa","",""
"Capital"," Quadro de aviso","",""
"Capital"," Quadro de chaves","",""
"Capital"," Quadro de editais","",""
"Capital"," Quadro de madeira","",""
"Capital"," Quadro de metal","",""
"Capital"," Quadro de ordens","",""
"Capital"," Quadro imantado","",""
"Capital"," Quadro interativo","",""
"Capital"," Quadro mural","",""
"Capital"," Quadro negro","",""
"Capital"," Quadro para flip-shart","",""
"Capital"," Quadro para plantas","",""
"Capital"," Quiosque","",""
"Capital"," Rack","",""
"Capital"," Rack de iluminacao","",""
"Capital"," Rack de madeira","",""
"Capital"," Rack para som","",""
"Capital"," Rack para transceptor movel","",""
"Capital"," Rack unidade de acessorios central p/telefones ks","",""
"Capital"," Radio comunicador","",""
"Capital"," Radio gravador","",""
"Capital"," Radio transmissor","",""
"Capital"," Radiofoto digital","",""
"Capital"," Radiometro","",""
"Capital"," Reanimador","",""
"Capital"," Rebarbador de cilindros","",""
"Capital"," Rebitadeira","",""
"Capital"," Rebitadeira para lona de freio","",""
"Capital"," Rebitador","",""
"Capital"," Rebobinador de filme","",""
"Capital"," Recarregador","",""
"Capital"," Receptor de satelite","",""
"Capital"," Receptor gps","",""
"Capital"," Receptor para antena parabolica","",""
"Capital"," Receptor para microfone","",""
"Capital"," Receptor para microfone lapela","",""
"Capital"," Receptor para microfone sem fio","",""
"Capital"," Receptor uhf","",""
"Capital"," Recipientes para oleo","",""
"Capital"," Recortador de gesso","",""
"Capital"," Redutor a rosca","",""
"Capital"," Redutor de velocidade","",""
"Capital"," Refiladora de papel","",""
"Capital"," Refletor odontologico","",""
"Capital"," Refletor parabolico","",""
"Capital"," Refrator oftalmologico","",""
"Capital"," Refresqueira","",""
"Capital"," Refrigerador","",""
"Capital"," Registrador de dados","",""
"Capital"," Registrador de excesso de velocidade","",""
"Capital"," Registrador de pressao manometrica","",""
"Capital"," Registrador de violacao de faixa de retencao","",""
"Capital"," Registrador pneumatico de pressao","",""
"Capital"," Regua antropometrica","",""
"Capital"," Regua calimetro","",""
"Capital"," Regua de conexao","",""
"Capital"," Regua de som","",""
"Capital"," Regulador automatico de pressao","",""
"Capital"," Regulador de acetileno","",""
"Capital"," Regulador de oxigenio","",""
"Capital"," Regulador de pressao","",""
"Capital"," Regulador de tensao","",""
"Capital"," Regulador de vacuo","",""
"Capital"," Relogio","",""
"Capital"," Relogio datador","",""
"Capital"," Relogio de parede","",""
"Capital"," Relogio de ponto","",""
"Capital"," Relogio de vigia","",""
"Capital"," Relogio de xadrez","",""
"Capital"," Relogio horodatador","",""
"Capital"," Relogio protocolador","",""
"Capital"," Relogio time para tratamento","",""
"Capital"," Remada","",""
"Capital"," Remada sentada","",""
"Capital"," Renovador de ar","",""
"Capital"," Repinique","",""
"Capital"," Repique","",""
"Capital"," Reprodutor de imagens","",""
"Capital"," Requinta","",""
"Capital"," Resfriador","",""
"Capital"," Resfriador posterior","",""
"Capital"," Respigadeira","",""
"Capital"," Respirador","",""
"Capital"," Respirador artificial","",""
"Capital"," Respirador eletronico","",""
"Capital"," Ressucitador","",""
"Capital"," Resusci-anne","",""
"Capital"," Retificadeira","",""
"Capital"," Retificador","",""
"Capital"," Retificador de baterias","",""
"Capital"," Retificador de forca","",""
"Capital"," Retificador de solda","",""
"Capital"," Retificador para pabx","",""
"Capital"," Retificadora pneumatica","",""
"Capital"," Retinoscopio","",""
"Capital"," Retinoscopio de coluna","",""
"Capital"," Retroescavadeira","",""
"Capital"," Retroprojetor","",""
"Capital"," Revisteiro","",""
"Capital"," Revolver","",""
"Capital"," Revolver finca pinos","",""
"Capital"," Revolver para graxa","",""
"Capital"," Roca","",""
"Capital"," Roca de pedal","",""
"Capital"," Roca eletrica","",""
"Capital"," Roçadeira","",""
"Capital"," Roda de ombro","",""
"Capital"," Roda gigante","",""
"Capital"," Roda panoramica","",""
"Capital"," Roller mouse","",""
"Capital"," Ropueiro de aco","",""
"Capital"," Rotacao dupla diagonal","",""
"Capital"," Rotacao vertical","",""
"Capital"," Roteador","",""
"Capital"," Rotor de aeracao","",""
"Capital"," Rotulador","",""
"Capital"," Roupeiro","",""
"Capital"," Roupeiro de aco","",""
"Capital"," Roupeiro de madeira","",""
"Capital"," Router","",""
"Capital"," Saca polia","",""
"Capital"," Salpingografos","",""
"Capital"," Sanduicheira","",""
"Capital"," Sangrador de freios","",""
"Capital"," Sanitizadora","",""
"Capital"," Sax","",""
"Capital"," Sax alto","",""
"Capital"," Sax baritono","",""
"Capital"," Sax genis","",""
"Capital"," Sax horn","",""
"Capital"," Sax soprano","",""
"Capital"," Sax tenor","",""
"Capital"," Saxhorn alto","",""
"Capital"," Saxofone","",""
"Capital"," Saxofone alto","",""
"Capital"," Saxofone tenor","",""
"Capital"," Scanman","",""
"Capital"," Scanner","",""
"Capital"," Secador de ar comprimido","",""
"Capital"," Secador de cabelo","",""
"Capital"," Secador de mao","",""
"Capital"," Secador radiografico","",""
"Capital"," Secadora de filmes","",""
"Capital"," Secadora de papel","",""
"Capital"," Secadora de roupas","",""
"Capital"," Secadora para fotografias","",""
"Capital"," Secretaria eletronica","",""
"Capital"," Segador rotativo","",""
"Capital"," Sensitometro","",""
"Capital"," Seriografo para raio x","",""
"Capital"," Serra","",""
"Capital"," Serra circular","",""
"Capital"," Serra de disco","",""
"Capital"," Serra de esquadria","",""
"Capital"," Serra de fita","",""
"Capital"," Serra fixa","",""
"Capital"," Serra helicorte","",""
"Capital"," Serra manual","",""
"Capital"," Serra marmore","",""
"Capital"," Serra mecanica","",""
"Capital"," Serra para ferro","",""
"Capital"," Serra para gesso","",""
"Capital"," Serra tico tico","",""
"Capital"," Servo ventilador","",""
"Capital"," Shamporizador para lava rapido","",""
"Capital"," Simetrografo","",""
"Capital"," Simulador de caminhada","",""
"Capital"," Simulador de cavalgada","",""
"Capital"," Sinalizador acustico","",""
"Capital"," Sinalizador acustico visual","",""
"Capital"," Sinalizador luminoso","",""
"Capital"," Sinalizador visual","",""
"Capital"," Sincronizador para projetor","",""
"Capital"," Sintonizador","",""
"Capital"," Sirene","",""
"Capital"," Sirenes eletronica com cornetas","",""
"Capital"," Smith machine","",""
"Capital"," Socador de piso","",""
"Capital"," Sofa","",""
"Capital"," Sofanete","",""
"Capital"," Soft start","",""
"Capital"," Soldadora","",""
"Capital"," Sommier","",""
"Capital"," Sonar","",""
"Capital"," Sonophasys","",""
"Capital"," Soprador termico","",""
"Capital"," Souzafones","",""
"Capital"," Steps","",""
"Capital"," Stereo cassette deck","",""
"Capital"," Stereo tuner","",""
"Capital"," Submarino","",""
"Capital"," Sugador cirugico","",""
"Capital"," Supino","",""
"Capital"," Suporte com regulador de pressao","",""
"Capital"," Suporte de aco","",""
"Capital"," Suporte de hamper","",""
"Capital"," Suporte de madeira para espelho tipo envernizado","",""
"Capital"," Suporte de madeira para modelo de manequim","",""
"Capital"," Suporte em acrilico","",""
"Capital"," Suporte metalico p/mastros de bandeiras","",""
"Capital"," Suporte movel para montar motor","",""
"Capital"," Suporte p/ estufa","",""
"Capital"," Suporte para anilhas","",""
"Capital"," Suporte para bandeira","",""
"Capital"," Suporte para banner","",""
"Capital"," Suporte para bobina","",""
"Capital"," Suporte para braco","",""
"Capital"," Suporte para cabide","",""
"Capital"," Suporte para caixa de som","",""
"Capital"," Suporte para cartazes","",""
"Capital"," Suporte para chapeu","",""
"Capital"," Suporte para cpu","",""
"Capital"," Suporte para cpu e estabilizador","",""
"Capital"," Suporte para esterilizador","",""
"Capital"," Suporte para filtro de agua","",""
"Capital"," Suporte para flanelografo","",""
"Capital"," Suporte para furadeira","",""
"Capital"," Suporte para livro de presenca","",""
"Capital"," Suporte para maca","",""
"Capital"," Suporte para maquiagem","",""
"Capital"," Suporte para microcomputador","",""
"Capital"," Suporte para microondas","",""
"Capital"," Suporte para monitor de microcomputador","",""
"Capital"," Suporte para motores","",""
"Capital"," Suporte para nobreak","",""
"Capital"," Suporte para papel","",""
"Capital"," Suporte para partitura musical","",""
"Capital"," Suporte para pastas","",""
"Capital"," Suporte para perna","",""
"Capital"," Suporte para projetor de imagens","",""
"Capital"," Suporte para respiratorio","",""
"Capital"," Suporte para rolo de papel manilha","",""
"Capital"," Suporte para saco hamper","",""
"Capital"," Suporte para soro","",""
"Capital"," Suporte para tecido","",""
"Capital"," Suporte para teclado","",""
"Capital"," Suporte para teleradiografia","",""
"Capital"," Suporte para tv","",""
"Capital"," Suporte para tv e dvd","",""
"Capital"," Suporte para tv e video","",""
"Capital"," Suporte para tv,video e dvd","",""
"Capital"," Suporte para urna funeraria","",""
"Capital"," Surdo","",""
"Capital"," Surdo medio","",""
"Capital"," Surdo mor","",""
"Capital"," Switch","",""
"Capital"," Tabela de basquetebol","",""
"Capital"," Tabela de mini-basquete","",""
"Capital"," Tabua de avd","",""
"Capital"," Tabua de passar roupa","",""
"Capital"," Tabua de quadriceps","",""
"Capital"," Tabua proprioceptiva","",""
"Capital"," Tacografo","",""
"Capital"," Tacômetro","",""
"Capital"," Talha","",""
"Capital"," Tambor para gaze","",""
"Capital"," Tamborete","",""
"Capital"," Tamborete giratorio","",""
"Capital"," Tamborim","",""
"Capital"," Tanque de areia","",""
"Capital"," Tanque de combustivel","",""
"Capital"," Tanque de formulacao","",""
"Capital"," Tanque de lavagem de pecas","",""
"Capital"," Tanque de revelacao de filmes","",""
"Capital"," Tanque de revelacao triplex","",""
"Capital"," Tanque estacionario","",""
"Capital"," Tanque estacionario p/armaz.de asfalto","",""
"Capital"," Tanque para agua","",""
"Capital"," Tanque para transporte de agua","",""
"Capital"," Tanque pulverizador","",""
"Capital"," Tanque reservatorio","",""
"Capital"," Tanquinho para lavar roupas","",""
"Capital"," Tape deck","",""
"Capital"," Tape drive","",""
"Capital"," Teatro de fantoche","",""
"Capital"," Teclado ergonomico","",""
"Capital"," Teclado musical","",""
"Capital"," Teclado para microcomputador","",""
"Capital"," Tecnigrafo","",""
"Capital"," Tela cinematografica","",""
"Capital"," Tela para projecao","",""
"Capital"," Televisao de madeira","",""
"Capital"," Televisor","",""
"Capital"," Televisor de lcd","",""
"Capital"," Televisor de plasma","",""
"Capital"," Tenda de oxigenio","",""
"Capital"," Tenda piramidal","",""
"Capital"," Teodolito","",""
"Capital"," Terminal de microcomputador","",""
"Capital"," Termocauterio","",""
"Capital"," Termocera","",""
"Capital"," Termohigrometro","",""
"Capital"," Termometro de globo","",""
"Capital"," Termometro de globo digital","",""
"Capital"," Termonebulizador","",""
"Capital"," Termoseladora","",""
"Capital"," Tesoura mecanica","",""
"Capital"," Tesoura para cortar chapa","",""
"Capital"," Tesoura para cortar ferro","",""
"Capital"," Testador de bicos injetores","",""
"Capital"," Testador de cabos","",""
"Capital"," Testador de induzido","",""
"Capital"," Testador de modem","",""
"Capital"," Testador de motor de partida","",""
"Capital"," Testador de semicondutores","",""
"Capital"," Teste freio","",""
"Capital"," Thin client","",""
"Capital"," Timbale","",""
"Capital"," Timbau","",""
"Capital"," Timer","",""
"Capital"," Timpano","",""
"Capital"," Toalheiro","",""
"Capital"," Toca discos","",""
"Capital"," Toca fitas","",""
"Capital"," Tomada dupla para oxigenio","",""
"Capital"," Tomada tripla para oxigenio","",""
"Capital"," Tonometro","",""
"Capital"," Tonometro de aplanacao","",""
"Capital"," Torno de bancada","",""
"Capital"," Torno eletrico","",""
"Capital"," Torno giratorio","",""
"Capital"," Torno mecanico","",""
"Capital"," Torno para encanador","",""
"Capital"," Torno para madeira","",""
"Capital"," Torno para modelagem de barro","",""
"Capital"," Torquimetro","",""
"Capital"," Torradeira de farinha","",""
"Capital"," Torre para cd rom","",""
"Capital"," Traçador grafico","",""
"Capital"," Trampolim","",""
"Capital"," Tranceiver","",""
"Capital"," Transceptor fixo","",""
"Capital"," Transceptor movel","",""
"Capital"," Transceptor portatil","",""
"Capital"," Transcoder","",""
"Capital"," Transcodificador de sinais","",""
"Capital"," Transformador","",""
"Capital"," Transformador de voltagem","",""
"Capital"," Transformador para raio x","",""
"Capital"," Transformador para solda","",""
"Capital"," Transiluminador","",""
"Capital"," Transmissor de sinal","",""
"Capital"," Transmissor para instrumentos musicais","",""
"Capital"," Transmissor para microfone","",""
"Capital"," Transmissor para microfone sem fio","",""
"Capital"," Transportador mecanico continuo","",""
"Capital"," Trator automatico","",""
"Capital"," Trave","",""
"Capital"," Treinador de fala","",""
"Capital"," Treinador de fala coletivo","",""
"Capital"," Treinador de fala pararitimo","",""
"Capital"," Triangulo","",""
"Capital"," Triciclo","",""
"Capital"," Trombone","",""
"Capital"," Trombone de vara","",""
"Capital"," Trompa","",""
"Capital"," Trompete","",""
"Capital"," Trompete de vara","",""
"Capital"," Tuba","",""
"Capital"," Tubo de pitot para tirar pressao de agua em redes","",""
"Capital"," Tumbadora","",""
"Capital"," Tupia","",""
"Capital"," Turbidimetro","",""
"Capital"," Turbidimetro nefelometrico","",""
"Capital"," Turbilhao","",""
"Capital"," Ultracurve","",""
"Capital"," Umidificador","",""
"Capital"," Upa-upa","",""
"Capital"," Urna de madeira","",""
"Capital"," Usina de asfalto","",""
"Capital"," Usina rotativa","",""
"Capital"," Vacuometro","",""
"Capital"," Vaga oceanica","",""
"Capital"," Valvula de demanda","",""
"Capital"," Valvula para oxigenio","",""
"Capital"," Valvula redutora","",""
"Capital"," Valvula redutora de ar comprimido","",""
"Capital"," Valvula redutora de oxigenio","",""
"Capital"," Vaporetto","",""
"Capital"," Vaporizador","",""
"Capital"," Vassoura magica","",""
"Capital"," Vectonistagmografo","",""
"Capital"," Ventilador de coluna","",""
"Capital"," Ventilador de mesa","",""
"Capital"," Ventilador de parede","",""
"Capital"," Ventilador de pedestal","",""
"Capital"," Ventilador de teto","",""
"Capital"," Ventilador eletronico","",""
"Capital"," Ventilador pulmonar","",""
"Capital"," Viatura de combate a incendio","",""
"Capital"," Vibrador osseo","",""
"Capital"," Vibrador para concreto","",""
"Capital"," Video cassete","",""
"Capital"," Video cd","",""
"Capital"," Video game","",""
"Capital"," Violao","",""
"Capital"," Vitrine","",""
"Capital"," Vitrola","",""
"Capital"," Voador peitoral","",""
"Capital"," Vocalizador","",""
"Capital"," Voltimetro","",""
"Capital"," Vulcanizador","",""
"Capital"," Vulcanizador de pneus","",""
"Capital"," Webcam","",""
"Capital"," Workstation","",""
"Capital"," Xilofone","",""
"Capital"," Zabumba","",""
"Capital"," Zepelin","",""
"Capital","Abridor de lata eletrico","",""
"Capital","Acess point","",""
"Capital","Adipometro clínico","",""
"Capital","Afoxê","",""
"Capital","Agitador","",""
"Capital","Agogo","",""
"Capital","Alicate instrumento cirurgico","",""
"Capital","Amnioscópio","",""
"Capital","Amperímetro","",""
"Capital","Amplificador","",""
"Capital","Aparelho amalgamador","",""
"Capital","Aparelho de som","",""
"Capital","Apontador elétrico","",""
"Capital","Appliance","",""
"Capital","Aquecedor elétrico para confecção de órteses","",""
"Capital","Arado","",""
"Capital","Arco cirúrgico","",""
"Capital","Automóvel","",""
"Capital","Automóvel","",""
"Capital","Avental de chumbo","",""
"Capital","Bandolim","",""
"Capital","Banheira","",""
"Capital","Blu ray","",""
"Capital","Bomba de irrigação para endoscopia","",""
"Capital","Bomba submersível","",""
"Capital","Botijão garrafa térmica","",""
"Capital","Brinquedos","",""
"Capital","Brinquedoteca móvel","",""
"Capital","Cadeira  adutora e abdutora","",""
"Capital","Cadeira extensora graduada","",""
"Capital","Caixa instrumental cirúrgico","",""
"Capital","Caixa pe de carga para chassi","",""
"Capital","Cajon","",""
"Capital","Câmera digital","",""
"Capital","Câmera fotográfica","",""
"Capital","Camera video conferencia","",""
"Capital","Caminhão","",""
"Capital","Caminhão basculante","",""
"Capital","Caminhão carroceria","",""
"Capital","Caminhão pipa","",""
"Capital","Cancela manual","",""
"Capital","Canil","",""
"Capital","Carreta reboque tipo prancha","",""
"Capital","Carrinho de limpeza","",""
"Capital","Carrinho para endoscopia","",""
"Capital","Carro cuba","",""
"Capital","Carro térmico","",""
"Capital","Caxixi","",""
"Capital","Central de alarme","",""
"Capital","Chassi radiográfico","",""
"Capital","Chuveiro lava olhos","",""
"Capital","Colchão pneumático com motor","",""
"Capital","Colméia organizadora","",""
"Capital","Comando de bomba","",""
"Capital","Complemento de mesa","",""
"Capital","Cone extensão ajustável","",""
"Capital","Conjunto de nefrostomia percutânea","",""
"Capital","Cortina","",""
"Capital","Criocautério dermatológico","",""
"Capital","Criostato","",""
"Capital","Cuspideira","",""
"Capital","Delimitador de filas","",""
"Capital","Delineador paralelômetro","",""
"Capital","Dermatoscópio","",""
"Capital","Digitalizador de radiologia","",""
"Capital","Disjuntor tripolar on board","",""
"Capital","Distribuidor de composto orgânico","",""
"Capital","Divisor radiográfico","",""
"Capital","Divisória","",""
"Capital","Doca para notebook","",""
"Capital","Drone","",""
"Capital","Ducha elétrica","",""
"Capital","Ecógrafo","",""
"Capital","Elevador de piscina","",""
"Capital","Enxada rotativa","",""
"Capital","Escorredor de pratos industrial","",""
"Capital","Esqueleto animal","",""
"Capital","Esqueleto humano","",""
"Capital","Estabilizador","",""
"Capital","Estação de tratamento para resíduos radiológicos","",""
"Capital","Estante","",""
"Capital","Estufa bacteriologica","",""
"Capital","Evaporador rotativo","",""
"Capital","Extensor lombar","",""
"Capital","Firewall","",""
"Capital","Flexor abdominal sentado","",""
"Capital","Fluorímetro","",""
"Capital","Gabinete","",""
"Capital","Globo terrestre","",""
"Capital","Gravador de dvd externo","",""
"Capital","Gravador de holter","",""
"Capital","Gravador digital dvr","",""
"Capital","Guincho tipo girafa","",""
"Capital","Guindaste veicular","",""
"Capital","Hard disk externo","",""
"Capital","Instrumentos musicais","",""
"Capital","Itens adquiridos indevidamente no elem 52","",""
"Capital","Kit caminha empilhavel","",""
"Capital","Kit encanteirador","",""
"Capital","Kit robótica","",""
"Capital","Leitor de transponder","",""
"Capital","Lente de oftalmoscopia","",""
"Capital","Litotripsor","",""
"Capital","Livro","",""
"Capital","Lixeira","",""
"Capital","Localizador apical","",""
"Capital","Maçarico de corte","",""
"Capital","Maçarico de solda","",""
"Capital","Maquina de corte de moldes","",""
"Capital","Medidor de distância","",""
"Capital","Micromotor odontológico","",""
"Capital","Modelo para anatomia humana","",""
"Capital","Monitor de gases anestésicos","",""
"Capital","Monitor de radiologia","",""
"Capital","Motoniveladora","",""
"Capital","Motor de portao","",""
"Capital","Nasofaringolaringoscopio","",""
"Capital","Nefroscópio","",""
"Capital","Onibus","",""
"Capital","Pá agrícola","",""
"Capital","Pá carregadeira","",""
"Capital","Panela de pressao industrial","",""
"Capital","Panela eletrica","",""
"Capital","Panela ortodontica","",""
"Capital","Paredao de lona tri tennis","",""
"Capital","Peça reta para odontologia","",""
"Capital","Perfurador de solo tratorizado","",""
"Capital","Perneira","",""
"Capital","Persiana","",""
"Capital","Pinça","",""
"Capital","Pipeta","",""
"Capital","Pipoqueira","",""
"Capital","Planetario escolar","",""
"Capital","Polidora quimica","",""
"Capital","Poste para tênis","",""
"Capital","Prancha de emergência","",""
"Capital","Press lateral","",""
"Capital","Press peitoral graduado","",""
"Capital","Processadora para endoscopia","",""
"Capital","Queixada","",""
"Capital","Rack para datacenter","",""
"Capital","Rádio","",""
"Capital","Rádio portátil","",""
"Capital","Rebolo","",""
"Capital","Reco reco","",""
"Capital","Relógio sinaleiro","",""
"Capital","Roçadeira agrícola","",""
"Capital","Rolo compactador","",""
"Capital","Rosca apoiada scott","",""
"Capital","Sarrafo para salto em altura","",""
"Capital","Servidor","",""
"Capital","Servidor de rede","",""
"Capital","Set de prato","",""
"Capital","Simulador manequim","",""
"Capital","Sistema de vídeo para endourologia","",""
"Capital","Sistema fotodocumentação de géis","",""
"Capital","Sonic borden para ultrassom odontológico","",""
"Capital","Sulcador de linha","",""
"Capital","Suporte de instrumento musical","",""
"Capital","Tablet","",""
"Capital","Tambor musical","",""
"Capital","Tapete","",""
"Capital","Telelupa monocular","",""
"Capital","Tenda pantográfica","",""
"Capital","Terraceador agrícola de arrasto","",""
"Capital","Timba","",""
"Capital","Toldo","",""
"Capital","Torso","",""
"Capital","Trator","",""
"Capital","Trena a laser","",""
"Capital","Trijato com exaustor","",""
"Capital","Trocador de fraldas","",""
"Capital","Ureteroscópio","",""
"Capital","Ventilador","",""
"Capital","Vídeo porteiro","",""
"Capital","Violino","",""
"Capital","Violoncelo","",""
"Capital","Outros [Campo aberto para digitação)","",""
